availability_30,availability_60,availability_90,availability_365
28,47,74,239
0,0,0,0
16,46,76,343
0,0,0,0
28,58,88,363
0,0,0,93
7,19,33,118
27,57,87,362
10,10,21,296
0,0,0,0
30,31,31,243
0,0,0,32
0,0,0,0
0,0,0,0
0,0,0,0
30,60,90,365
0,0,0,0
16,40,67,335
14,24,40,220
0,0,0,0
3,19,37,37
0,0,0,0
5,16,35,265
0,0,0,0
30,60,87,359
30,60,90,365
30,60,90,365
30,60,90,365
0,0,0,46
0,0,0,0
0,0,0,0
30,60,90,365
30,60,90,365
20,29,29,34
0,0,0,0
0,0,0,0
0,0,0,0
0,0,19,20
30,60,90,365
30,60,90,365
0,0,0,0
30,60,90,365
24,54,84,174
0,0,0,0
0,0,25,26
20,50,80,135
0,0,0,0
0,13,43,196
30,60,90,365
28,58,88,178
30,60,90,145
18,41,67,339
11,41,71,247
0,3,16,246
18,40,70,345
13,43,62,278
20,45,75,165
0,0,0,0
0,0,0,0
0,3,5,5
28,58,88,363
28,58,88,363
10,17,26,229
22,52,82,357
0,0,0,0
20,50,80,170
30,60,90,365
0,0,0,0
0,10,15,264
0,11,41,316
17,36,55,317
28,58,88,347
30,60,90,365
12,27,53,321
3,18,41,316
24,45,60,309
0,0,0,0
0,0,0,0
5,26,35,228
0,0,0,0
0,0,0,27
30,60,90,365
0,3,3,3
30,60,90,365
30,60,90,365
30,60,90,365
18,29,51,326
16,42,61,309
30,60,90,365
22,52,82,172
30,60,90,365
12,39,65,65
0,0,0,0
0,0,0,0
1,6,8,168
11,37,48,267
0,0,0,0
13,16,27,174
0,16,46,314
17,47,77,342
6,10,12,204
3,26,53,323
19,32,48,211
23,44,74,336
0,0,0,0
5,35,65,339
0,0,0,0
5,25,46,214
12,26,49,317
0,0,0,0
0,0,0,0
0,0,0,0
0,0,0,0
3,12,24,243
23,53,83,358
20,47,77,352
0,0,0,0
0,0,0,0
23,53,83,358
5,35,64,64
3,5,11,276
19,27,38,289
11,41,63,329
0,0,0,0
0,0,0,232
30,60,90,365
10,10,22,297
29,59,84,359
0,0,0,0
30,60,90,365
8,38,68,343
8,10,15,280
8,14,27,253
0,0,0,0
4,10,30,108
30,60,90,365
30,60,90,180
19,22,50,140
30,60,85,360
7,24,47,306
30,60,87,267
23,53,83,358
0,0,0,0
13,16,30,198
0,0,0,0
1,1,1,66
0,0,0,0
15,42,42,100
28,58,88,363
0,0,0,0
0,0,0,32
1,9,25,300
13,18,37,312
28,58,88,88
5,21,40,215
9,32,62,62
0,0,0,0
0,0,0,0
30,60,90,365
30,60,85,360
29,59,89,364
0,7,13,117
18,48,78,287
14,44,74,283
29,59,89,364
11,17,30,276
0,0,0,0
10,29,52,295
0,26,56,236
0,0,0,0
2,10,21,272
23,53,83,173
28,53,82,357
6,27,57,57
14,26,52,258
30,60,90,365
14,25,39,194
16,40,70,324
12,15,23,127
30,60,90,365
22,52,82,357
21,36,60,333
2,32,62,336
0,0,0,92
30,60,90,365
0,0,0,100
0,0,0,0
0,0,0,0
0,0,0,0
28,58,83,358
0,0,0,0
30,60,90,365
7,11,11,12
1,3,15,142
2,5,27,115
1,7,23,291
0,0,0,42
0,0,0,0
4,6,15,182
0,0,0,0
0,0,0,157
13,20,42,257
3,3,16,16
0,0,0,0
0,0,0,0
0,0,0,0
30,60,90,365
19,48,78,353
14,35,43,125
30,60,90,365
0,0,0,0
10,19,26,92
16,46,76,351
7,30,53,322
12,23,32,259
0,0,0,0
7,22,51,322
8,30,40,275
0,0,0,0
23,53,75,75
6,11,16,266
30,60,90,365
3,14,44,130
9,19,32,284
30,60,90,365
0,0,0,0
0,0,0,0
28,58,88,363
30,60,90,365
29,50,55,216
0,0,0,0
23,53,83,358
28,58,88,363
7,7,16,180
30,53,70,345
14,21,36,245
17,47,77,348
4,10,20,270
0,9,30,143
0,0,0,0
0,0,0,0
0,3,3,3
0,0,0,36
5,35,65,340
0,0,0,0
9,30,55,133
0,6,36,311
0,0,0,0
0,0,0,0
30,60,90,365
0,0,0,0
4,4,4,214
30,60,90,365
0,0,0,0
27,57,87,362
2,10,28,223
0,0,0,193
29,42,62,138
2,6,16,135
0,0,0,0
4,27,57,305
4,4,10,183
7,14,33,33
30,60,90,180
0,0,0,252
0,0,0,0
0,0,0,0
28,58,88,88
2,27,45,109
0,0,1,219
14,15,15,15
30,60,90,365
0,0,0,180
12,29,59,293
4,8,33,117
0,0,0,0
0,0,0,0
0,0,0,0
27,57,87,267
0,0,0,0
0,0,0,0
2,6,8,143
13,43,73,95
14,35,65,340
0,0,0,45
2,14,29,179
30,60,90,365
26,56,86,361
0,0,0,0
25,53,80,155
7,29,41,154
11,14,25,80
19,49,79,354
0,0,0,0
0,0,0,145
9,30,49,289
2,16,41,316
29,59,89,364
0,0,0,0
17,47,77,352
0,0,0,0
5,11,17,158
0,0,0,0
0,0,0,0
0,0,0,0
0,0,0,0
22,45,68,343
0,0,0,0
10,39,69,323
30,60,90,365
28,58,88,88
23,53,83,358
27,57,87,362
8,18,35,217
28,58,86,233
15,41,64,337
0,0,0,0
0,0,0,0
3,15,21,103
0,0,0,0
28,58,88,178
0,0,0,0
0,0,0,0
2,5,21,255
18,48,78,353
0,0,0,199
13,36,63,232
30,60,90,365
29,59,89,364
0,0,0,0
5,15,28,222
30,60,90,365
21,51,81,356
30,60,90,365
13,33,60,210
12,29,53,328
0,0,0,0
0,0,0,0
1,3,9,129
30,60,90,90
0,0,0,0
0,18,25,25
0,0,0,0
20,47,71,346
12,32,55,313
0,0,0,0
28,58,88,363
30,60,90,365
1,1,3,68
12,41,65,338
19,45,75,75
16,40,70,250
0,0,0,0
0,0,0,20
0,0,0,65
30,60,90,180
30,60,90,180
0,0,0,0
30,60,90,365
16,34,50,249
23,53,83,358
13,18,35,301
30,60,90,365
0,13,28,196
3,21,45,320
2,10,23,131
23,53,83,358
7,10,32,155
0,0,5,59
30,60,90,365
11,20,39,259
0,0,0,0
0,0,0,0
1,5,30,290
4,22,52,53
28,58,88,88
0,0,8,283
22,51,72,338
30,60,90,365
4,14,37,312
0,0,0,0
6,9,34,296
24,54,84,85
0,9,9,262
8,14,33,252
3,5,9,218
0,0,0,0
30,60,90,90
19,49,79,354
0,0,0,0
3,3,3,3
4,6,9,176
8,14,29,108
0,0,0,0
0,0,0,0
0,0,0,0
25,55,82,354
17,40,58,316
0,0,0,0
4,11,18,152
2,2,29,296
29,59,89,364
22,34,54,329
29,59,89,364
30,60,90,347
0,0,0,0
4,24,49,49
0,0,0,0
30,57,79,343
0,0,0,0
0,0,0,0
0,0,0,0
0,0,0,33
0,0,0,0
22,33,53,280
9,39,69,256
0,0,0,0
28,58,88,363
0,0,0,0
0,0,0,0
5,35,65,340
0,8,32,251
0,0,0,0
25,55,85,321
9,19,34,77
0,0,0,163
0,0,0,0
10,25,55,261
21,33,43,286
0,0,0,17
7,30,60,80
23,53,83,358
0,0,0,0
0,16,30,120
23,53,83,358
0,0,0,0
10,34,64,137
0,0,0,0
2,4,14,252
30,60,90,365
0,0,7,144
20,50,80,340
0,0,0,0
16,33,33,220
12,42,72,347
0,0,0,0
0,0,0,0
26,56,86,361
30,60,90,365
5,9,13,43
14,29,59,334
22,45,67,310
23,53,83,358
0,0,0,0
0,0,0,0
7,16,22,191
0,0,0,0
30,60,90,270
0,0,0,0
11,32,57,321
22,52,82,348
29,59,89,357
30,60,90,365
26,56,86,361
16,46,73,348
0,0,0,0
2,24,51,56
9,39,69,329
8,20,29,295
6,30,46,280
3,21,44,282
1,1,20,271
22,52,82,357
0,0,0,0
0,0,0,0
14,33,63,334
9,14,37,305
0,3,12,132
23,53,83,358
0,0,0,0
29,59,89,364
6,28,53,328
0,0,0,0
29,59,89,324
30,60,90,365
26,43,71,92
0,0,0,0
4,12,35,225
29,59,89,89
4,11,29,289
0,0,0,0
14,44,74,349
3,4,14,96
24,51,75,230
2,7,13,176
30,60,90,365
15,35,62,84
0,0,0,0
23,53,83,358
14,35,40,235
8,38,61,297
16,27,47,73
30,60,90,365
28,58,88,88
0,0,0,0
0,0,0,0
8,16,39,286
28,58,88,363
8,26,49,63
5,33,42,298
15,44,66,339
0,0,0,0
2,24,45,306
29,59,89,364
0,0,0,0
6,29,46,46
0,0,0,0
30,60,90,365
10,10,10,48
4,27,57,332
0,16,46,183
11,29,59,149
28,58,88,363
0,0,0,0
0,0,0,0
30,60,90,365
10,40,70,209
23,53,75,311
0,0,0,0
10,15,30,286
27,57,87,177
12,23,26,291
30,60,90,365
8,12,14,14
25,55,85,308
4,10,37,306
0,0,0,188
29,59,89,364
27,57,87,362
0,0,0,0
30,60,90,365
3,9,24,259
29,59,89,89
0,0,0,0
0,0,0,0
30,60,90,365
4,11,27,272
30,60,90,365
0,0,0,0
0,0,0,0
7,35,65,155
0,0,0,0
13,19,40,122
23,53,83,358
23,53,83,173
4,23,53,325
14,31,61,336
23,51,81,304
12,39,66,338
0,0,0,226
23,40,70,70
23,53,83,83
29,59,89,364
8,29,52,135
0,11,38,39
20,50,80,133
4,15,24,245
0,1,3,112
30,48,66,322
10,40,70,71
9,39,69,69
30,60,90,365
0,0,0,0
0,0,0,0
0,25,55,330
21,38,68,342
0,0,0,0
0,0,0,0
0,0,0,0
30,60,90,365
24,54,84,359
0,0,0,0
0,0,0,0
7,13,21,229
0,0,0,0
30,60,90,365
8,26,56,137
0,0,0,0
3,3,3,3
27,57,87,362
23,53,83,83
0,0,0,0
26,52,82,347
29,59,89,89
25,45,50,276
7,9,10,73
0,0,0,0
5,15,45,226
0,11,36,200
0,0,0,0
3,18,30,205
30,60,90,365
4,10,22,233
17,42,69,341
29,59,89,364
0,0,1,210
0,0,0,179
0,0,0,0
0,0,0,0
0,0,0,0
24,24,24,242
8,26,26,26
5,21,37,37
2,8,17,58
19,41,64,150
0,0,0,0
21,51,81,159
16,29,29,160
9,39,69,344
0,16,45,45
4,14,37,205
6,31,61,151
0,0,0,0
5,30,60,319
0,8,24,169
18,47,64,334
2,15,45,45
0,0,0,0
30,60,90,90
0,0,0,0
8,8,8,8
0,0,0,0
11,37,67,155
0,3,24,105
4,7,25,31
11,38,59,301
0,0,0,0
0,0,0,0
29,59,89,89
30,60,90,365
10,40,70,345
0,0,0,249
0,0,0,0
0,5,16,95
0,0,0,0
0,15,15,144
0,0,0,0
0,0,0,0
1,26,52,52
0,0,0,207
0,0,0,0
0,0,0,0
26,56,86,361
26,56,71,315
0,0,0,0
4,15,40,128
0,0,0,0
0,0,0,0
0,0,0,0
27,57,87,362
0,0,0,0
0,0,0,0
0,0,0,0
23,39,65,321
23,53,83,358
0,0,0,0
0,0,0,46
28,58,88,88
0,0,0,0
0,0,0,47
30,60,90,365
3,3,6,199
28,58,88,363
20,36,44,72
0,0,0,0
0,2,13,60
4,8,12,209
0,0,0,0
0,0,0,0
6,36,41,271
22,44,72,166
21,23,23,79
27,57,87,341
13,19,30,219
5,35,65,335
0,0,0,262
0,5,5,108
27,57,87,361
30,60,90,365
0,0,0,0
0,0,0,36
0,0,0,0
0,0,0,0
0,0,0,0
0,0,0,1
25,55,85,172
25,55,85,355
27,57,87,87
13,30,56,273
0,0,0,0
6,23,49,309
8,33,63,320
0,0,0,0
3,3,3,28
0,0,0,0
6,29,59,148
29,59,89,364
0,0,0,0
2,2,2,251
0,0,0,0
20,50,80,352
30,60,90,365
28,58,88,178
28,58,88,363
0,0,0,0
29,59,89,364
0,0,0,0
5,20,39,284
0,0,0,0
0,0,0,0
0,2,27,235
1,1,5,116
0,0,0,0
1,11,36,36
0,0,0,0
28,58,88,363
30,60,90,365
4,34,64,339
0,0,0,0
28,58,88,88
28,57,87,353
0,0,0,0
1,5,8,184
13,36,66,156
29,59,89,364
0,0,0,0
29,59,89,89
29,59,89,364
0,0,0,0
5,15,21,229
6,19,42,187
0,0,0,0
0,26,56,222
0,1,2,97
29,59,89,179
18,18,18,18
15,30,44,273
30,60,90,365
30,60,90,365
0,0,0,0
29,59,89,89
6,10,22,170
0,0,0,0
0,0,0,0
0,0,0,0
5,25,49,75
8,9,20,252
0,0,0,0
0,0,0,0
17,30,44,285
0,0,0,0
0,0,0,0
19,45,75,350
7,10,26,228
0,4,5,68
8,21,39,120
25,29,59,222
14,14,14,14
20,50,80,170
5,24,54,329
0,0,0,0
29,59,89,364
2,4,5,98
7,13,30,238
9,39,63,323
6,36,66,341
8,15,17,274
0,0,0,0
22,52,82,82
2,26,56,331
30,60,90,365
17,38,57,325
27,57,87,362
0,24,54,329
0,1,6,198
0,0,0,0
8,14,29,81
29,59,89,364
9,24,44,310
15,30,30,254
4,14,26,297
4,9,15,17
8,15,20,253
0,0,0,211
12,14,26,97
0,0,0,0
11,41,59,324
9,27,48,287
0,5,5,48
3,4,6,96
8,20,25,152
30,60,90,365
0,0,0,0
0,0,0,0
4,34,64,339
3,12,32,282
0,0,0,10
2,6,8,202
0,0,0,0
29,59,89,364
25,55,85,360
0,0,13,243
6,27,57,302
0,0,0,0
0,0,0,216
30,60,90,90
0,0,0,221
0,0,0,72
0,0,0,0
25,55,85,175
29,59,89,364
0,0,0,0
29,59,89,364
29,56,82,247
30,60,90,90
30,60,90,365
18,31,52,52
21,41,53,53
8,26,50,320
30,60,90,365
4,12,28,179
21,51,81,356
0,0,0,0
5,32,62,152
0,0,0,0
0,9,39,314
0,0,0,0
4,17,30,234
28,58,88,363
0,0,0,0
10,40,70,300
29,59,89,364
30,60,90,365
0,0,0,202
15,35,64,154
6,27,57,57
0,0,0,0
0,0,0,0
30,60,90,365
0,0,0,0
7,25,54,54
30,60,90,365
0,0,0,66
26,46,62,330
3,17,32,106
30,60,90,336
0,0,0,0
21,46,76,76
0,0,0,220
28,58,88,363
0,0,0,0
0,11,41,131
28,58,88,88
20,44,74,74
1,12,19,146
18,45,75,344
0,0,0,0
0,0,0,0
0,0,0,192
11,41,71,310
1,10,30,91
23,53,83,358
0,5,34,34
0,0,26,301
10,26,49,262
28,58,88,363
29,59,88,88
30,60,90,350
14,32,53,309
27,57,87,362
10,19,32,299
30,60,90,365
30,54,83,358
28,55,83,226
23,44,68,343
28,56,56,295
0,0,4,4
5,8,11,237
30,60,90,361
12,42,64,333
0,0,0,0
29,59,89,364
29,59,89,364
4,18,41,288
30,60,90,90
1,4,30,231
0,0,0,0
5,13,30,305
0,12,42,133
0,0,0,0
23,35,48,103
30,60,90,365
0,0,0,0
0,0,9,38
22,34,54,306
4,11,27,234
14,44,74,349
14,35,65,340
18,48,78,353
6,27,57,315
14,21,36,253
0,0,0,0
2,10,12,250
11,21,49,106
8,15,45,302
0,6,8,229
0,0,0,272
0,28,46,284
2,4,13,61
5,13,41,242
0,0,0,0
1,7,30,113
2,32,62,337
3,22,49,303
2,4,4,212
30,60,90,365
12,35,52,291
21,51,76,254
26,56,86,361
17,43,53,209
2,7,9,217
0,0,0,0
23,53,83,83
11,15,26,301
0,0,0,0
21,51,81,171
25,55,85,354
0,0,0,65
10,24,54,130
19,24,54,326
0,0,0,0
29,59,89,179
4,4,4,172
3,3,3,237
29,59,89,364
3,3,3,3
3,8,15,83
0,2,16,75
3,3,3,6
29,59,89,179
30,60,84,359
4,33,63,175
0,0,0,66
0,0,0,78
25,55,85,360
0,0,0,0
29,59,89,334
6,13,13,169
2,2,2,54
1,11,41,41
12,21,25,71
0,0,0,0
5,13,29,270
8,10,21,82
15,20,23,23
20,50,80,355
8,20,40,101
0,0,0,0
30,60,90,365
30,60,90,179
4,8,16,227
19,49,74,74
0,0,0,0
24,54,84,359
0,0,4,170
23,53,83,358
2,9,19,129
30,60,90,179
27,57,87,360
21,51,77,77
19,41,71,161
6,34,59,321
15,39,62,233
2,12,28,262
0,0,6,183
2,19,49,324
0,0,0,0
12,25,46,291
0,27,44,219
6,11,18,228
0,0,0,0
0,0,0,253
5,35,65,66
0,0,0,253
17,27,33,277
0,0,0,0
27,57,87,362
29,59,86,361
0,0,0,0
23,53,83,83
0,9,39,314
29,59,87,362
19,32,51,239
0,0,0,0
27,57,87,362
0,0,0,0
27,57,87,362
9,39,60,126
23,53,83,84
8,31,61,336
1,5,32,300
27,57,87,362
5,13,27,274
29,59,89,364
19,49,79,354
4,4,19,160
2,11,26,285
0,16,46,61
0,0,0,0
0,0,0,0
0,0,0,0
5,19,34,298
0,0,4,252
23,53,83,84
6,27,50,312
19,49,79,79
0,0,0,97
0,0,0,0
12,42,72,338
0,0,0,0
19,27,43,282
29,59,89,364
26,56,86,177
28,58,88,363
29,59,89,355
8,30,53,311
13,29,59,325
0,0,0,0
9,12,12,12
0,0,0,0
11,25,32,32
0,0,0,0
7,30,55,329
25,55,85,352
0,25,55,330
8,17,17,17
23,53,83,84
7,29,52,134
0,0,0,0
30,60,90,365
5,20,47,246
7,21,51,231
17,43,65,260
8,20,32,298
0,0,4,267
29,59,89,364
12,28,58,279
3,9,21,251
25,49,79,79
0,0,8,31
0,0,0,0
0,0,0,0
25,55,85,360
12,35,65,104
0,10,40,315
30,60,90,365
0,0,20,260
0,0,0,0
0,0,0,0
2,2,8,283
29,59,76,344
28,58,88,363
0,0,0,0
28,58,88,363
30,60,90,179
17,43,64,149
0,0,0,0
0,0,26,44
1,4,7,189
30,60,90,117
0,0,0,0
5,11,27,198
30,60,90,365
9,39,69,328
0,0,0,0
5,24,54,261
2,3,6,249
8,38,68,343
22,50,78,350
29,59,89,179
30,56,86,361
0,0,0,0
29,59,89,364
0,0,0,0
26,36,53,301
26,54,78,325
0,0,0,64
0,0,0,0
11,35,65,65
0,0,0,0
0,0,0,0
5,11,23,294
8,17,29,30
24,47,77,352
22,43,70,303
2,19,27,216
7,23,39,203
13,14,32,32
23,53,74,337
0,0,0,0
0,0,0,0
0,0,4,269
0,0,0,0
0,0,0,0
5,10,24,250
2,8,13,261
12,17,47,138
28,58,88,89
0,10,33,248
1,3,33,308
30,60,90,365
0,1,5,5
5,35,65,340
5,15,39,129
14,44,74,74
14,44,74,164
0,10,10,44
26,56,86,361
18,48,78,78
0,0,0,0
1,1,9,256
0,0,0,0
7,11,18,88
3,9,20,119
0,0,0,0
2,2,2,2
30,60,90,90
0,0,0,0
13,28,58,59
23,53,82,82
27,57,87,362
0,0,0,0
29,59,89,364
7,9,15,227
4,4,4,4
21,45,74,298
19,49,79,170
19,19,19,84
28,58,88,88
15,25,32,280
29,59,89,364
2,3,10,129
30,60,90,90
15,34,46,311
28,58,88,356
0,0,0,0
0,0,0,0
0,0,0,127
0,0,0,0
27,57,87,178
2,2,29,304
12,22,37,170
0,0,0,0
30,60,90,365
6,10,29,182
14,30,57,316
5,11,33,267
0,0,0,0
16,23,52,76
1,4,23,144
0,0,0,0
5,20,50,320
30,60,90,179
0,0,0,9
0,0,0,0
22,46,63,330
1,20,50,279
0,0,0,0
4,6,12,42
5,10,40,224
1,18,18,18
0,0,0,0
23,53,54,323
2,17,43,196
2,6,6,6
3,3,22,253
13,21,40,298
11,29,30,30
30,60,90,365
5,29,58,333
0,0,0,0
14,30,37,291
10,40,56,316
29,59,89,364
28,58,88,88
22,52,82,172
0,0,0,0
5,13,27,107
13,30,37,37
11,29,57,264
3,6,11,80
8,16,29,154
4,21,51,141
7,7,7,7
4,16,44,44
7,36,66,341
1,1,30,30
0,0,0,0
30,60,90,365
14,15,19,268
5,30,47,122
21,40,64,107
0,0,0,0
29,59,89,89
4,4,4,4
0,0,0,0
11,22,34,156
13,13,13,207
0,0,0,0
10,16,28,293
0,0,0,0
0,0,0,0
0,0,0,0
6,23,47,311
4,4,4,4
30,60,90,365
23,51,81,352
21,46,73,345
17,47,73,327
0,0,0,0
4,20,46,47
0,0,0,0
4,8,14,270
8,17,44,230
30,60,90,365
17,27,27,27
15,45,74,74
7,7,17,203
0,0,0,0
0,0,0,0
0,0,0,109
16,37,59,334
0,0,0,0
30,60,90,180
28,58,88,363
5,6,26,301
0,0,0,0
0,0,0,0
30,60,90,90
0,0,0,0
17,47,77,229
9,21,49,72
0,0,0,0
0,0,0,0
0,0,0,0
0,0,0,0
15,45,71,341
6,12,20,88
30,60,90,365
0,0,0,0
0,0,0,0
10,34,64,154
0,0,0,0
28,58,88,363
23,53,83,358
28,58,88,88
30,60,90,180
0,0,0,0
23,53,83,358
11,15,15,16
5,35,65,155
29,59,89,89
28,58,88,363
0,0,0,0
11,17,24,210
0,0,0,0
0,0,0,0
22,52,82,82
25,47,73,164
4,14,22,280
6,13,22,22
2,5,6,207
4,24,54,187
0,0,0,0
30,60,90,90
3,15,19,227
0,0,0,250
0,0,0,0
10,32,56,146
30,60,90,365
0,4,4,4
0,0,0,0
0,0,0,0
0,15,15,100
22,52,63,283
0,8,22,223
5,16,23,153
0,0,0,0
0,0,0,0
0,0,0,0
19,49,79,317
0,0,2,277
7,37,67,277
27,57,87,109
0,10,14,70
0,18,48,139
2,3,3,3
5,5,5,5
0,0,0,0
0,0,0,40
0,0,0,270
0,0,0,0
0,0,0,0
1,1,6,148
3,10,19,40
8,30,41,293
0,0,0,0
0,0,30,90
0,0,24,294
0,4,4,4
8,14,19,135
4,18,41,281
14,32,59,142
4,9,15,101
30,60,90,365
30,60,90,180
0,0,0,0
25,53,83,173
20,44,67,296
3,26,56,300
0,0,3,278
0,0,0,0
0,0,0,0
5,23,45,192
2,18,18,18
23,46,76,351
0,0,0,0
10,19,23,225
0,0,0,0
13,32,62,323
3,3,3,3
0,0,0,0
24,54,84,84
29,59,89,179
24,54,84,359
24,54,84,169
0,27,57,332
0,0,0,0
0,0,0,0
0,0,3,212
0,1,4,86
0,0,0,0
28,58,88,359
29,59,89,179
24,52,82,357
0,0,0,0
7,20,50,250
29,59,89,89
16,46,76,351
9,32,54,314
19,49,79,79
6,14,40,312
0,0,0,0
21,51,81,356
4,8,19,256
0,7,7,18
26,56,86,361
7,12,20,118
0,0,8,283
7,21,31,251
30,60,90,212
0,0,3,118
0,0,0,0
20,36,66,66
30,60,90,180
7,20,39,122
25,54,83,358
10,11,27,175
30,60,90,365
0,0,0,1
0,0,0,0
4,4,4,12
17,47,77,352
2,5,7,209
28,58,88,89
0,0,0,0
0,29,59,334
0,13,18,108
3,5,11,174
24,49,62,337
6,28,28,28
30,51,79,323
29,59,89,89
13,17,32,307
23,53,83,358
3,4,34,105
10,23,38,309
30,60,87,354
0,0,0,46
0,0,0,0
6,20,31,278
29,59,81,81
3,6,19,158
27,57,77,318
10,35,53,226
4,22,43,220
0,0,0,0
7,20,37,290
30,60,90,322
1,10,27,266
0,0,0,0
0,0,0,0
0,0,0,0
0,6,36,311
0,0,0,0
3,5,5,223
0,0,0,36
0,0,2,148
0,12,42,132
0,0,0,245
16,42,67,264
2,10,40,315
7,23,53,144
0,0,0,0
0,22,22,22
0,0,0,267
0,0,0,0
0,0,0,0
0,0,0,0
30,60,90,361
30,60,90,359
24,54,76,310
4,24,54,54
13,40,70,314
20,49,79,354
0,6,10,81
0,0,0,0
17,47,77,298
0,0,0,0
6,25,25,25
23,53,83,83
0,2,6,147
0,0,0,0
12,35,65,337
0,0,0,165
29,59,89,355
24,47,63,324
11,15,45,135
20,20,20,226
6,25,55,330
29,59,89,364
7,15,21,166
0,0,9,181
22,42,72,163
17,47,77,352
7,7,9,9
30,60,90,365
0,0,0,0
20,26,26,26
24,54,84,84
0,0,0,0
28,58,88,363
19,49,79,80
21,45,64,296
0,0,0,0
1,12,26,298
21,51,81,81
2,2,2,189
30,60,90,240
14,28,41,221
27,41,71,346
21,51,81,356
0,0,0,0
0,0,0,0
17,33,58,289
17,47,75,330
2,26,27,291
19,41,69,242
0,0,0,0
5,5,5,5
20,47,71,314
19,45,75,166
3,5,11,160
28,58,88,284
0,29,59,326
13,31,54,151
2,16,39,272
8,19,49,324
21,44,74,74
0,0,0,0
28,51,76,293
0,0,0,0
7,33,59,334
19,49,79,351
21,38,68,343
0,5,17,281
30,60,90,365
28,52,70,106
7,16,35,286
8,18,44,44
6,13,13,246
19,43,73,73
9,13,43,43
7,17,23,35
15,39,69,339
17,47,77,352
16,25,50,91
0,0,0,5
19,49,79,79
18,40,63,153
4,8,16,26
0,2,20,251
0,0,0,0
15,24,47,123
12,36,66,341
0,0,0,0
27,54,84,359
0,0,0,0
13,33,63,338
0,0,0,0
19,19,19,236
2,14,25,189
0,23,53,53
0,0,0,0
0,0,0,0
29,59,89,89
15,19,25,25
15,33,48,297
27,57,87,362
22,46,60,146
11,35,65,336
0,0,0,0
17,39,69,344
0,0,6,91
10,38,68,68
0,0,0,0
0,0,0,100
8,21,51,275
28,55,85,163
27,53,83,172
30,60,90,90
17,26,34,232
28,58,87,148
0,0,0,0
0,0,0,0
3,8,12,194
21,46,71,332
30,60,90,365
4,8,19,230
30,60,90,90
0,0,0,0
11,13,30,247
0,0,0,0
0,0,0,0
29,59,89,89
3,21,48,237
11,41,71,162
0,0,0,0
13,43,73,341
13,22,31,216
0,0,0,0
21,21,47,229
0,0,0,151
6,22,52,77
13,15,21,200
0,0,0,0
0,0,0,0
3,6,22,147
0,0,0,0
1,31,61,336
15,31,35,35
24,54,84,359
0,0,0,0
0,0,0,0
7,28,58,318
0,0,3,3
30,60,90,90
21,43,67,281
2,5,17,56
30,59,81,356
25,55,85,360
0,0,0,15
8,28,58,145
8,24,51,322
6,24,35,258
0,0,0,0
30,60,90,90
5,19,31,38
29,59,89,352
0,0,0,183
1,17,33,291
0,0,0,0
0,0,0,0
29,59,89,364
0,0,0,0
14,14,34,240
3,9,15,51
17,35,56,315
12,28,51,296
3,10,26,236
30,60,90,365
6,6,8,8
13,41,71,338
10,10,14,283
0,0,0,132
0,0,0,0
0,0,0,0
2,13,26,179
0,11,28,223
0,0,0,0
15,33,57,265
30,60,90,324
30,60,90,365
0,0,0,0
9,39,69,159
11,11,11,11
30,60,90,365
4,16,27,179
5,12,27,295
0,0,0,0
10,16,32,39
30,60,90,176
0,0,0,0
25,53,65,65
10,40,70,345
13,13,13,72
28,58,88,113
0,0,0,0
30,60,90,365
4,26,56,147
7,32,53,144
1,1,16,16
19,32,43,294
0,9,28,296
16,39,69,304
30,60,90,365
30,60,90,365
29,59,89,89
0,0,0,0
22,52,82,82
20,50,76,329
23,50,78,352
0,0,0,0
0,0,0,0
0,0,0,0
0,0,0,0
4,6,11,40
0,0,0,264
27,57,87,88
0,0,0,0
30,60,90,365
11,12,12,48
0,0,0,0
30,60,90,143
6,20,50,177
4,9,26,217
30,33,33,33
0,0,0,0
21,51,78,346
5,6,22,39
9,9,9,9
3,13,30,75
30,60,87,351
6,11,11,141
6,15,21,67
23,53,83,348
0,13,43,318
3,12,22,263
0,0,0,0
27,57,87,362
5,17,32,306
0,0,0,0
4,6,11,172
9,14,16,65
29,59,89,364
0,0,0,0
6,16,40,315
23,53,83,83
29,59,89,263
21,51,81,160
5,35,65,339
25,55,82,107
18,29,50,203
16,46,76,351
29,51,81,356
9,39,69,344
0,0,0,262
30,60,90,362
14,44,74,246
3,15,26,234
0,0,0,0
30,60,90,164
8,9,9,9
2,4,34,197
4,9,23,261
28,58,83,357
0,0,0,33
0,18,48,323
12,12,12,119
30,44,70,70
0,0,0,0
0,0,0,0
10,28,50,50
0,0,0,250
0,0,0,0
0,0,0,138
13,43,71,340
4,34,64,339
2,8,8,8
0,0,0,0
6,19,49,139
27,57,87,87
0,0,0,0
0,0,0,0
4,34,64,154
0,0,0,0
23,53,83,127
3,6,17,169
30,60,90,365
12,29,39,111
23,53,83,358
23,53,83,358
10,35,57,316
5,35,65,297
0,0,0,0
30,60,90,365
2,6,11,29
17,42,42,83
11,18,23,99
0,0,0,0
0,0,0,0
0,0,0,0
1,31,61,61
0,0,0,0
27,49,79,350
0,0,5,123
0,0,0,0
0,0,0,48
0,30,46,254
0,0,0,0
0,0,0,0
0,0,0,0
17,47,77,77
23,53,81,229
10,40,48,107
5,35,65,156
29,59,89,89
10,31,57,203
0,0,0,0
20,50,72,347
12,18,33,114
9,22,45,246
18,40,51,299
7,30,60,311
5,30,60,335
8,19,36,116
24,51,81,228
11,41,71,314
0,0,0,0
29,59,89,364
0,5,21,194
7,16,42,76
0,0,0,0
21,44,67,201
0,0,0,0
0,0,0,0
0,0,0,0
11,20,20,20
29,59,89,179
0,0,0,0
0,0,0,0
0,0,0,0
29,59,89,364
25,50,80,355
14,38,60,308
18,38,57,235
0,0,0,0
30,60,90,365
9,23,46,252
11,18,23,207
12,42,68,318
29,59,89,179
0,0,3,5
27,57,87,88
0,0,0,0
30,60,90,365
18,25,37,37
15,35,55,180
27,57,87,88
0,8,18,229
18,48,78,353
30,60,90,180
12,25,35,223
0,13,40,310
30,60,86,338
0,0,0,0
0,0,0,261
0,0,16,291
30,60,90,365
0,0,0,0
0,0,0,0
12,12,12,12
0,0,0,0
0,0,0,0
28,58,88,88
24,44,62,125
23,23,23,23
30,60,90,238
30,60,90,365
26,56,86,86
29,59,89,179
0,0,0,0
15,26,51,115
0,0,0,0
0,0,0,0
0,0,0,0
7,23,29,266
0,0,0,0
6,8,18,232
0,0,0,42
30,60,90,365
0,0,0,0
0,2,26,297
0,0,8,8
0,0,5,20
23,53,83,358
0,0,0,259
0,0,0,0
4,4,4,4
0,0,0,0
0,0,0,0
0,0,0,0
8,34,48,281
29,59,89,364
8,22,35,202
0,6,36,311
0,0,0,0
9,39,69,344
27,57,87,87
5,12,29,223
1,1,1,1
0,0,0,0
1,22,43,252
2,3,6,180
9,23,45,291
0,0,0,0
0,0,0,0
0,0,0,0
0,3,20,32
0,0,0,1
0,0,0,126
0,5,24,299
0,0,0,0
0,0,0,0
0,0,0,0
0,0,0,0
1,6,24,204
17,42,42,84
11,17,45,249
30,60,90,365
4,14,31,212
0,0,19,185
0,0,0,0
8,20,38,288
0,0,0,0
29,59,89,357
4,11,16,221
0,0,20,295
0,0,0,0
21,22,29,47
0,0,0,0
15,41,65,189
29,59,89,179
4,19,43,43
5,15,36,210
0,0,0,0
0,0,1,260
29,59,89,364
10,21,27,89
4,23,53,328
6,23,45,45
4,21,39,39
0,0,0,0
0,0,0,0
13,35,61,327
1,1,1,2
23,47,71,274
24,54,84,315
13,34,59,64
10,40,70,160
0,0,0,96
2,3,10,144
27,57,83,83
0,0,0,0
3,5,17,267
3,22,35,286
0,0,0,0
0,0,0,0
0,0,0,0
0,0,0,64
0,0,0,0
2,2,2,2
0,0,0,0
0,0,0,7
9,35,62,319
28,58,88,179
30,60,90,271
23,45,72,191
0,0,0,0
0,0,0,0
27,57,87,362
20,45,45,45
5,24,54,329
9,9,9,9
20,50,75,350
20,21,21,82
1,14,44,308
0,0,0,0
18,37,64,193
23,48,63,63
0,0,0,0
10,40,70,70
1,3,4,99
0,0,0,0
0,0,0,0
0,0,0,0
0,0,0,0
29,59,89,179
0,0,0,0
29,59,89,179
30,60,90,365
29,59,89,269
0,0,0,0
18,18,24,299
28,58,88,363
9,22,44,306
0,23,53,144
0,0,0,0
0,5,35,308
0,0,0,0
23,38,53,116
2,4,7,29
0,0,0,0
0,0,20,84
12,39,62,69
17,47,77,167
0,4,34,309
0,0,0,0
0,0,0,0
28,58,88,88
0,0,0,0
0,0,0,0
10,29,48,183
23,53,83,83
0,0,0,0
29,59,89,89
6,11,41,316
30,60,90,180
9,25,43,124
9,36,60,145
15,32,32,196
30,60,90,365
4,5,14,224
0,0,0,251
0,0,16,16
0,0,0,0
6,17,42,69
1,2,7,238
1,2,32,307
0,0,0,0
0,0,0,0
13,29,50,238
21,51,81,356
0,0,0,0
30,60,90,364
12,29,59,293
16,29,49,205
25,55,85,98
0,0,0,0
0,19,19,19
30,60,90,90
0,0,0,0
13,33,45,135
0,0,0,222
16,38,63,335
26,56,86,234
0,0,0,0
7,32,59,59
23,53,83,83
5,7,13,171
30,60,90,90
0,0,0,0
5,34,48,250
24,44,59,59
27,57,87,362
0,0,0,2
29,59,88,88
12,42,72,347
16,24,33,267
4,10,32,32
0,0,0,190
8,32,62,82
0,0,0,81
3,4,17,185
24,44,66,272
20,20,43,52
0,0,0,64
19,49,79,354
0,0,0,0
18,34,61,258
22,45,68,128
0,0,0,157
0,0,0,0
28,58,88,88
30,60,90,365
25,55,85,85
11,28,51,71
30,60,90,365
0,0,0,0
4,12,28,282
12,34,61,319
8,8,8,8
0,0,0,0
21,51,81,171
0,0,0,138
30,60,90,365
24,54,84,173
29,59,89,364
0,0,4,28
14,33,59,84
26,56,86,361
15,31,42,274
11,25,31,244
0,0,0,0
29,59,89,89
2,11,21,21
30,60,90,324
10,16,37,211
26,53,77,330
0,0,0,83
23,53,83,172
0,0,0,0
15,45,75,107
13,21,21,21
0,0,0,0
0,0,0,0
30,49,79,354
30,60,90,90
5,7,13,244
11,34,64,64
0,16,44,253
29,59,89,364
24,54,84,163
18,48,77,156
29,59,89,364
0,0,0,0
6,6,6,6
28,58,88,88
19,38,52,74
0,0,0,0
0,6,32,80
15,42,72,347
28,58,86,326
4,11,22,70
18,48,78,78
28,58,88,363
0,0,0,0
0,0,0,0
0,4,31,51
12,39,60,331
1,1,3,7
18,48,78,332
0,0,0,0
5,14,19,219
0,0,0,0
29,59,89,364
29,59,89,354
0,0,0,0
0,0,0,0
4,5,13,186
21,51,79,254
0,0,0,123
30,52,82,357
0,0,0,218
18,35,46,46
28,58,88,88
30,60,90,365
0,0,0,0
22,42,66,152
0,0,0,40
29,59,89,179
30,60,90,180
15,31,61,336
0,0,0,253
30,60,90,365
0,0,0,0
0,0,0,0
1,1,23,237
5,13,17,168
16,38,68,68
5,34,49,324
16,39,69,69
0,0,0,0
30,60,90,365
30,60,90,365
4,15,31,185
8,18,27,111
19,19,19,182
0,0,0,0
20,26,52,260
29,59,89,364
0,0,0,0
6,36,66,341
30,60,90,90
30,60,90,180
27,53,83,344
0,0,0,0
5,27,34,35
28,58,88,363
30,60,90,180
6,31,52,323
0,0,0,0
0,0,0,0
0,6,11,168
14,36,66,329
20,43,69,344
17,47,75,333
10,33,63,333
25,55,85,360
30,60,90,292
20,36,66,330
0,0,0,4
12,21,21,62
0,0,2,2
0,0,0,0
9,36,61,224
0,0,0,0
5,22,45,304
0,0,0,0
3,33,63,338
29,59,89,364
0,0,0,131
4,4,4,4
19,40,40,40
6,18,30,121
0,0,0,0
23,41,52,258
9,25,55,297
22,52,82,357
14,34,50,250
30,60,90,365
14,14,14,256
0,19,49,324
0,0,0,0
10,25,55,330
15,39,58,150
21,42,63,327
11,32,59,330
0,4,34,309
15,45,60,323
16,39,69,317
15,45,75,165
14,40,55,166
24,32,41,310
30,60,90,180
0,0,0,0
20,20,20,20
0,0,0,0
0,0,0,0
0,0,0,0
0,0,0,0
0,0,0,0
1,12,25,279
1,5,15,15
11,32,62,63
0,0,0,0
20,50,73,336
0,0,0,0
26,56,86,361
3,15,35,275
25,50,72,72
30,60,90,365
0,0,0,0
29,59,89,89
30,60,90,365
1,1,1,188
5,12,30,226
0,0,0,0
20,48,78,111
30,60,90,365
0,0,0,220
2,4,19,203
9,39,69,69
2,3,7,82
0,0,0,0
0,0,0,0
0,0,0,0
0,0,0,61
14,14,14,96
0,0,0,0
0,0,0,0
0,0,0,0
0,3,21,292
30,60,90,365
26,56,86,361
0,7,7,24
29,59,89,364
27,57,87,362
12,16,25,254
0,4,34,34
15,19,31,232
14,28,50,179
0,0,0,67
28,58,88,88
29,59,89,355
0,0,0,0
0,0,0,0
27,44,71,333
0,0,0,0
23,53,83,83
6,28,43,250
5,13,31,238
30,60,90,365
30,60,90,365
7,37,67,342
18,18,48,323
0,0,0,0
30,60,90,365
0,0,0,0
0,0,0,0
30,58,88,356
17,39,69,249
3,3,3,3
29,59,89,364
4,5,10,23
4,24,44,274
0,0,0,0
7,19,19,19
16,23,45,135
22,51,79,159
26,47,77,168
16,39,64,189
29,59,89,180
29,59,89,179
20,20,20,20
19,49,56,56
11,41,71,146
20,34,52,303
10,40,70,160
28,58,88,363
9,26,35,95
0,15,45,316
27,57,87,362
0,0,0,0
9,25,55,55
0,0,0,0
17,29,40,291
1,1,1,1
0,0,0,0
12,28,30,247
5,35,65,340
30,60,90,91
0,0,0,0
0,0,0,0
5,21,41,316
9,16,23,278
0,0,0,0
21,31,45,299
0,0,4,185
27,55,66,66
0,0,0,0
0,0,0,92
21,45,61,323
30,60,90,181
0,0,0,0
0,0,0,0
29,59,89,364
30,60,88,358
0,0,0,0
30,60,90,90
11,27,57,301
17,47,77,167
29,59,89,179
18,48,78,353
30,60,90,365
0,0,0,0
12,42,72,292
27,57,87,177
0,0,0,0
27,57,87,87
15,37,67,155
4,4,4,10
27,57,81,166
20,50,80,355
30,60,90,365
23,47,71,150
8,38,68,248
26,56,71,331
30,60,90,365
0,0,0,0
0,0,0,0
0,0,0,0
21,48,71,326
0,0,0,0
14,26,34,69
27,57,87,362
29,59,89,364
4,7,12,180
0,0,0,0
0,0,0,0
6,7,28,32
2,16,29,97
0,0,0,0
30,60,90,180
20,20,20,20
0,0,0,0
30,60,90,118
26,45,75,166
23,53,75,75
0,0,0,0
0,6,33,276
2,6,9,70
0,0,0,73
0,18,48,137
0,0,0,0
0,0,0,0
0,0,0,0
30,60,90,365
0,6,36,311
0,0,0,0
19,49,79,352
2,9,25,280
0,10,17,200
12,35,61,262
23,44,65,226
0,18,48,323
0,0,0,0
5,26,52,244
0,0,0,30
10,38,68,158
30,60,90,365
0,0,0,0
0,0,0,0
0,0,0,0
20,50,79,253
0,0,0,0
3,13,22,103
15,43,71,212
1,5,12,166
30,58,88,88
23,53,83,358
0,0,0,0
5,8,18,226
0,0,0,0
28,58,88,363
9,9,9,9
3,3,8,8
9,39,69,69
6,32,54,74
19,46,73,163
30,60,90,365
0,0,0,0
0,1,11,68
25,55,85,175
0,0,0,0
9,31,61,211
22,52,82,323
0,0,0,0
0,0,0,10
0,0,0,0
0,0,0,0
4,34,64,339
0,0,0,0
9,32,62,119
26,44,74,341
0,0,0,0
29,59,89,179
0,0,0,0
0,6,18,236
25,55,69,268
2,3,3,3
28,55,82,158
0,0,0,0
0,0,0,65
9,35,57,211
2,6,12,181
30,60,90,90
0,1,1,1
17,23,37,290
0,0,0,0
9,34,60,129
0,0,0,0
0,0,0,0
28,58,88,363
5,5,5,199
0,0,0,0
0,0,0,0
0,0,0,0
0,0,0,0
0,0,0,0
9,39,67,223
23,53,83,358
0,0,0,0
0,0,0,0
0,0,0,0
9,37,56,303
25,55,85,175
0,0,0,0
0,0,0,0
6,30,59,141
4,15,15,15
0,0,0,0
0,0,0,0
5,23,53,54
0,0,0,0
0,0,0,0
23,53,83,174
12,36,65,149
0,3,3,69
8,38,68,152
7,30,60,60
4,13,41,132
0,0,0,0
2,26,51,299
30,60,90,270
1,10,30,242
30,60,90,180
0,0,0,0
0,0,0,0
23,52,82,357
27,57,87,178
0,0,0,0
6,25,51,52
8,20,24,151
0,5,35,123
5,13,19,236
19,45,75,350
8,21,37,112
0,0,0,0
2,18,28,244
0,0,0,0
1,19,41,111
30,60,90,365
14,44,74,349
19,41,51,255
29,59,89,90
0,0,0,0
20,49,68,158
22,46,46,47
0,0,1,1
16,22,38,189
30,60,90,361
0,0,0,192
0,0,0,0
12,29,59,85
2,2,22,211
0,11,23,59
0,0,0,0
30,60,90,311
0,1,31,306
1,11,11,59
0,0,0,0
14,25,25,25
19,49,79,354
6,9,10,270
20,50,76,287
26,47,47,47
0,0,0,0
0,0,0,0
11,11,11,75
0,0,0,0
30,60,82,82
0,0,0,0
16,40,68,158
30,56,83,173
0,0,0,0
27,57,87,87
2,10,18,225
15,45,75,247
9,35,65,333
9,13,13,20
30,60,90,365
0,20,50,50
30,60,90,90
0,0,2,247
0,0,0,0
3,25,55,137
0,0,20,20
0,0,0,0
30,60,90,365
0,0,0,0
14,21,28,163
22,42,72,330
0,0,0,0
0,0,0,255
18,41,71,346
11,34,64,319
1,16,46,46
30,60,82,322
7,33,63,153
30,60,90,365
29,59,89,89
0,0,0,0
13,28,28,232
8,21,51,51
7,17,17,17
0,0,0,0
24,54,64,305
0,5,21,103
0,0,0,0
16,35,49,306
30,60,90,365
0,0,0,211
0,0,0,0
0,0,0,0
30,60,90,365
11,30,41,237
13,30,38,263
11,34,58,295
30,60,90,90
30,60,90,90
0,0,0,0
0,0,0,0
15,36,66,156
0,0,0,0
0,0,0,0
0,0,0,0
7,13,29,280
0,0,0,0
29,59,89,179
0,5,35,310
17,44,68,100
0,0,0,0
20,41,71,219
0,0,0,0
22,52,82,357
2,5,11,176
0,0,0,225
0,9,39,39
30,60,76,206
11,22,52,142
8,18,19,19
1,1,27,281
0,0,0,0
0,0,0,0
25,55,85,360
8,8,8,8
11,11,14,14
0,0,0,0
0,0,0,0
0,0,0,0
24,54,84,359
4,18,48,48
0,0,0,0
0,0,8,8
9,36,66,87
5,21,44,44
0,8,10,169
0,0,0,225
1,1,1,1
3,33,63,124
26,26,26,26
22,52,82,357
13,39,69,249
6,15,34,243
23,53,83,83
20,35,48,302
30,60,90,365
27,57,87,362
14,44,74,260
18,42,63,153
30,60,90,365
0,0,0,0
28,49,79,354
9,12,38,128
17,46,76,229
4,4,4,40
2,12,22,162
29,59,89,179
2,15,36,36
6,15,40,40
30,60,90,180
19,44,74,159
0,0,0,0
0,0,0,0
30,60,90,90
30,60,90,365
0,0,0,0
0,0,0,253
20,31,31,170
30,60,90,365
16,35,51,274
15,33,54,301
30,60,90,90
0,0,0,0
30,49,79,348
17,47,77,352
30,60,90,365
23,53,83,173
13,13,13,13
23,49,63,304
0,0,0,0
30,60,90,311
29,59,89,364
7,33,59,334
0,0,0,0
2,5,5,79
19,36,46,280
29,59,89,364
30,60,90,90
30,60,90,365
20,50,80,355
24,40,59,329
0,0,0,17
28,58,88,89
19,46,76,351
16,41,53,100
5,26,56,317
24,54,84,359
8,24,54,329
0,0,0,0
7,18,34,204
24,49,73,344
30,60,81,243
5,5,5,45
7,17,36,95
0,0,0,0
27,47,65,330
1,15,39,279
21,51,81,334
29,59,89,364
0,0,0,0
0,0,0,0
1,1,1,1
9,9,9,9
6,16,42,125
27,54,67,145
0,0,0,0
0,0,0,0
18,45,70,300
19,41,71,346
29,59,89,364
23,53,83,83
0,5,5,5
20,45,75,343
11,26,56,99
0,0,0,243
28,58,88,88
16,46,76,166
0,0,0,0
30,60,90,91
28,58,88,178
0,0,0,0
0,0,0,0
11,37,67,340
20,27,45,45
16,45,62,330
0,0,0,0
10,20,34,34
0,0,0,0
7,31,61,62
0,0,0,0
18,48,75,164
9,35,35,35
29,59,88,99
13,43,73,74
0,14,36,124
12,24,42,317
1,1,1,1
24,54,77,266
19,44,62,275
12,34,64,155
0,0,0,219
0,0,0,0
29,59,72,281
23,43,43,43
24,54,84,84
0,0,0,0
23,53,83,157
25,34,39,288
17,43,68,84
6,36,66,66
30,60,90,365
0,0,0,0
0,0,0,17
28,58,88,363
17,47,77,352
12,14,33,249
27,57,87,178
30,60,90,365
0,0,0,199
29,59,89,179
2,2,2,2
0,0,0,0
23,53,81,171
19,42,54,317
0,0,0,0
0,0,0,65
4,29,59,334
0,0,0,0
0,0,0,49
21,51,81,356
0,0,0,0
0,0,1,273
0,16,46,136
0,0,0,0
30,60,90,180
17,41,71,308
0,0,0,0
7,7,7,7
4,32,32,97
8,21,27,247
4,14,18,152
16,36,56,135
30,60,90,90
0,0,4,242
30,60,90,180
24,54,84,174
0,5,35,310
29,48,59,334
18,35,55,272
22,52,79,105
12,42,72,252
13,43,73,163
3,10,16,85
15,35,63,338
15,15,15,15
0,3,20,275
0,0,0,0
18,38,58,58
0,6,15,103
30,60,90,365
29,59,89,89
16,35,50,307
4,18,39,39
0,5,35,36
0,0,0,0
0,4,34,34
1,3,7,142
0,0,0,0
18,31,31,31
0,0,0,253
0,26,28,303
29,59,89,179
14,29,38,228
22,49,71,161
11,28,43,207
0,0,0,56
13,28,55,145
14,30,60,314
30,60,90,365
12,40,69,344
21,51,81,81
4,9,18,102
3,7,13,209
10,37,64,274
0,0,0,228
0,6,29,140
0,0,0,0
21,45,75,75
30,60,90,365
30,60,90,365
30,60,90,90
27,42,60,289
8,33,63,308
4,18,42,47
1,2,2,2
11,11,29,119
30,60,90,365
0,0,0,0
7,19,39,81
7,7,7,29
23,53,83,173
0,0,0,0
19,44,74,74
0,0,0,0
0,0,0,26
4,8,17,229
2,2,2,2
6,27,55,145
30,60,90,365
10,40,70,276
10,40,70,276
0,0,0,0
0,0,0,111
24,54,82,351
27,57,87,362
0,0,0,0
0,0,0,0
12,20,50,136
29,59,89,179
20,50,80,289
30,60,90,365
12,33,41,57
0,11,41,316
0,0,0,0
0,0,0,0
0,6,36,311
9,12,12,12
1,6,16,281
0,0,0,0
5,31,61,61
0,0,0,0
0,13,43,318
29,59,89,179
5,26,30,31
6,11,11,11
1,9,19,100
0,0,0,0
0,0,22,104
28,58,88,88
0,0,0,0
17,37,67,333
17,35,54,130
30,60,90,365
0,0,0,0
30,60,90,90
10,16,25,241
9,24,38,90
0,0,0,11
6,10,12,220
10,10,10,10
2,15,30,95
19,49,79,80
0,0,0,0
0,0,0,0
17,47,77,352
0,0,3,3
0,0,0,0
1,1,1,1
2,21,51,186
3,8,38,302
0,9,39,39
30,60,90,365
10,28,58,272
0,0,0,0
0,0,0,0
4,11,29,188
13,21,33,148
12,12,18,268
0,0,0,0
0,1,1,15
10,23,39,39
0,0,0,75
10,40,70,160
6,16,46,321
0,0,0,0
0,9,13,14
0,0,0,0
17,47,75,275
30,60,90,365
28,58,88,88
0,0,0,0
26,54,71,335
30,60,90,365
20,50,78,353
30,60,90,365
30,60,90,365
0,0,0,0
8,15,32,293
29,58,82,165
0,0,0,46
24,42,65,65
24,25,55,300
0,0,0,0
12,16,18,286
0,0,0,0
20,50,80,80
29,59,73,73
15,15,15,84
0,0,0,0
0,0,0,0
29,59,89,364
30,60,90,365
16,46,76,76
22,27,37,37
9,9,9,56
0,0,0,0
7,20,47,47
28,58,88,284
0,20,50,140
7,29,38,38
15,32,59,334
30,60,90,365
0,0,0,0
0,0,0,35
6,12,23,173
0,0,6,256
7,27,57,57
0,0,8,76
0,0,0,0
27,57,87,87
0,0,0,0
0,0,0,0
4,9,13,151
29,59,89,179
22,47,72,249
15,15,15,15
0,0,0,0
27,51,75,318
13,36,66,66
23,53,83,83
2,23,23,242
7,27,57,332
24,37,51,317
9,24,49,49
29,59,89,364
26,51,58,202
30,60,90,365
11,41,71,346
30,60,90,365
0,0,4,5
18,39,61,331
1,11,17,40
13,34,55,297
0,9,39,314
17,40,70,339
9,17,34,299
29,59,89,179
15,43,73,164
29,59,89,364
0,0,0,0
30,60,90,365
22,52,82,83
26,49,74,265
30,60,90,365
0,0,0,0
14,20,20,20
11,33,52,193
2,10,15,138
14,34,34,34
0,0,0,218
14,33,33,34
1,31,61,61
27,39,67,342
0,0,0,0
28,58,88,268
8,25,55,330
0,0,0,0
17,24,33,295
29,59,89,364
30,60,90,90
0,0,6,96
18,32,55,252
0,9,25,99
0,0,0,0
27,57,87,267
29,59,89,179
28,56,84,314
0,0,0,0
16,39,64,233
8,30,60,119
30,60,90,180
19,41,64,154
0,0,0,217
27,57,87,362
30,60,90,365
25,55,85,199
6,23,41,285
28,56,86,239
30,60,90,365
5,9,25,208
0,0,0,0
27,57,87,87
29,59,89,179
0,0,0,0
0,19,49,49
14,38,68,336
0,0,0,0
22,43,70,340
30,60,90,180
0,0,0,0
15,45,75,350
23,53,83,358
27,57,87,362
0,0,0,0
27,57,87,362
7,28,55,330
0,9,39,313
9,32,62,316
29,59,89,179
2,2,2,2
13,37,59,59
7,17,35,240
0,0,0,0
1,14,39,122
4,12,18,274
12,29,45,266
19,38,63,336
1,1,18,291
0,0,0,0
30,60,90,180
0,0,0,0
18,39,64,257
0,0,0,0
30,60,90,365
0,0,0,0
0,0,0,0
30,60,90,180
23,53,83,358
28,58,88,196
2,17,47,227
30,51,78,332
28,58,88,178
1,1,1,141
30,60,90,365
30,60,90,365
15,15,15,15
0,0,0,0
10,40,70,160
30,60,90,365
10,34,62,312
9,9,12,12
30,60,90,90
5,15,26,174
23,53,83,83
23,53,83,358
30,55,59,243
20,41,41,41
28,58,88,363
0,0,0,0
0,0,24,114
0,0,0,0
0,0,0,0
6,36,66,341
0,0,0,83
1,1,3,263
0,0,0,230
16,16,16,16
29,59,86,175
0,0,0,95
27,57,87,362
0,0,8,283
28,58,88,318
23,53,83,83
27,48,78,78
11,38,62,298
7,21,40,122
2,2,2,275
0,2,30,305
25,55,85,360
26,56,79,82
14,41,71,346
0,0,0,0
30,60,90,90
0,6,10,285
22,52,82,172
0,6,36,311
29,59,89,179
0,0,0,0
0,0,0,0
6,33,63,317
28,40,68,343
21,46,76,342
0,5,35,310
6,31,31,31
7,19,27,281
29,59,89,364
2,8,16,76
29,59,89,364
25,52,62,298
23,53,83,358
17,47,77,344
23,53,83,358
0,0,0,24
13,38,68,160
2,5,8,44
16,42,72,342
6,6,6,6
9,32,57,80
28,49,49,57
0,0,0,130
3,9,32,204
0,0,0,0
21,41,62,337
0,0,0,0
4,7,17,211
8,29,47,307
2,13,18,259
21,24,25,295
0,0,15,290
30,60,90,365
24,47,77,77
24,54,84,174
1,3,7,26
5,9,18,159
0,0,0,0
23,53,83,83
0,15,45,320
29,59,89,364
30,60,90,365
0,0,0,64
0,0,0,0
30,60,90,365
0,7,37,100
29,59,89,364
15,38,68,330
0,0,0,0
9,18,29,291
21,44,56,56
28,58,88,363
1,7,37,218
22,52,82,357
6,12,20,75
30,60,90,365
0,0,0,0
18,29,47,310
0,0,0,37
30,60,90,365
0,12,37,56
1,5,17,162
0,0,0,0
28,58,88,88
0,27,52,52
27,57,87,177
22,52,82,262
1,2,23,208
17,47,77,77
8,30,59,202
0,18,48,91
0,0,0,0
29,59,89,364
0,0,0,262
8,38,67,216
0,0,0,0
0,0,9,9
0,5,35,310
0,0,0,38
11,31,58,322
28,58,88,89
5,30,30,30
30,60,90,365
23,40,70,175
30,60,90,180
0,0,0,0
30,60,90,365
4,6,9,93
13,13,13,156
13,43,70,282
1,9,9,9
2,11,22,212
26,48,72,289
21,41,55,124
5,17,38,308
29,59,89,89
30,60,90,347
0,4,4,4
0,0,0,0
0,0,0,0
30,60,90,365
30,60,87,356
12,38,58,320
12,42,72,162
29,59,89,89
7,28,58,303
0,0,0,0
9,32,47,212
30,60,82,357
0,0,0,163
2,32,62,62
21,51,81,353
0,0,0,184
0,0,0,0
0,19,42,186
15,44,74,347
15,27,39,281
18,40,70,160
29,59,89,364
0,0,0,0
0,0,0,230
0,0,0,0
12,37,67,68
0,0,0,0
0,0,0,272
4,18,29,182
0,0,0,0
2,2,2,2
0,0,0,0
14,44,71,344
0,0,0,7
17,47,77,91
5,12,31,53
27,57,87,177
28,56,86,86
0,0,0,0
29,59,89,317
29,59,89,179
30,60,90,365
1,4,13,185
0,0,0,0
25,55,85,85
0,0,0,0
15,45,75,75
23,53,80,355
30,60,90,91
19,40,70,70
8,18,45,254
0,0,0,0
25,48,78,327
9,9,9,223
0,0,0,0
27,57,87,362
0,0,0,6
9,29,59,282
0,0,11,11
0,0,0,0
29,59,89,179
0,0,0,0
6,20,50,221
1,9,31,301
1,4,28,303
0,0,0,0
0,0,0,254
27,57,87,362
12,32,60,60
30,60,90,340
18,37,67,342
27,57,87,87
0,0,9,140
18,26,48,48
0,6,36,311
30,60,90,365
0,5,32,144
30,60,90,365
0,0,0,106
0,0,0,0
0,0,0,0
11,22,22,73
30,52,82,350
29,59,89,357
21,51,81,356
0,0,0,0
8,26,44,227
30,60,81,356
30,60,90,365
30,60,90,90
29,59,89,355
0,0,0,35
29,59,89,364
4,19,27,186
18,48,78,353
30,60,90,365
30,60,90,365
25,38,62,242
2,11,25,289
21,42,65,340
0,0,0,0
0,0,0,0
0,0,0,48
1,4,16,51
0,0,0,0
0,0,5,196
16,46,70,159
17,38,61,293
0,0,0,0
29,59,89,89
8,38,68,94
0,0,18,293
0,2,13,43
30,60,88,363
12,38,68,271
18,48,78,353
0,0,0,188
0,0,0,0
3,12,29,304
30,60,90,365
8,20,46,122
6,6,22,112
30,51,51,51
17,47,69,69
0,0,0,0
29,58,85,165
24,54,76,132
30,60,90,365
0,0,0,169
14,37,64,64
30,54,84,84
23,48,72,113
24,54,84,359
29,59,89,364
19,38,68,68
6,25,38,312
30,60,90,90
0,0,0,2
11,28,58,149
0,0,0,252
0,0,5,236
1,1,1,142
0,0,0,0
0,0,0,0
4,4,4,4
30,60,90,365
30,60,90,365
0,18,48,138
28,34,34,34
9,20,45,247
3,13,15,196
3,7,7,7
13,28,48,317
9,26,34,161
1,1,26,255
0,0,0,1
5,25,48,323
6,17,47,322
9,39,43,131
19,45,75,165
0,0,0,1
30,60,90,180
28,58,88,363
9,27,42,310
25,55,85,360
16,46,76,351
18,42,72,336
23,53,83,218
30,60,90,180
30,42,42,42
0,13,43,133
9,39,69,344
5,5,9,143
6,9,17,194
30,60,90,180
30,60,90,365
28,58,88,363
0,0,0,0
0,16,30,30
9,39,69,153
23,53,83,173
23,53,81,355
15,36,61,198
0,0,0,0
15,43,62,318
0,0,0,0
0,0,0,0
2,9,23,197
9,17,24,198
0,0,2,2
3,4,7,79
29,59,89,89
29,59,89,89
0,24,54,131
19,35,59,315
30,53,80,80
29,59,89,89
0,0,0,0
3,3,5,5
0,29,59,59
30,60,90,90
0,6,14,261
0,0,0,0
29,59,89,179
8,17,27,211
3,6,24,24
17,40,47,196
0,0,0,161
22,52,82,342
0,0,0,0
30,60,90,365
0,0,0,0
15,37,55,327
0,0,0,0
10,12,39,114
0,0,10,237
11,41,71,346
26,56,86,361
0,0,0,0
0,0,0,0
0,0,0,0
30,60,90,365
18,35,51,63
0,0,0,96
30,58,58,296
8,30,60,335
0,0,0,0
0,0,0,0
16,46,72,160
1,3,25,104
12,42,72,162
4,7,14,244
30,60,90,365
4,34,60,60
10,34,59,60
0,0,0,0
24,54,84,359
30,55,85,360
0,0,0,0
0,0,0,0
13,38,68,68
28,58,88,363
0,0,0,0
0,0,0,0
0,0,0,0
27,57,87,362
1,6,27,35
0,0,0,0
4,21,42,233
11,41,71,346
0,0,0,0
29,59,89,89
0,17,47,137
14,36,59,323
17,38,46,321
28,58,88,88
29,59,89,364
30,57,81,356
30,60,90,90
29,59,89,364
29,50,71,337
0,0,26,301
16,39,68,68
15,32,49,139
24,54,84,359
29,59,89,364
30,60,90,365
0,9,15,30
30,60,90,365
7,20,20,92
4,28,58,58
0,0,0,254
2,18,43,210
29,59,89,364
26,52,81,353
29,59,89,364
0,5,35,215
11,41,66,338
13,43,73,148
27,45,45,45
19,41,71,71
18,33,57,321
30,60,90,180
17,47,77,168
30,60,90,365
22,43,43,178
12,23,49,273
0,6,11,142
0,0,0,167
0,0,0,0
30,60,90,365
29,59,89,364
7,13,43,254
30,60,82,82
0,0,1,16
0,0,9,284
30,60,90,90
30,60,90,365
3,6,16,181
28,58,88,363
29,59,86,86
29,59,89,364
0,0,24,299
18,48,78,344
0,29,59,240
0,0,0,0
14,40,66,340
0,5,35,270
30,60,90,180
0,0,0,0
29,59,89,179
23,47,77,282
16,46,72,281
4,20,38,307
0,0,0,222
0,0,0,66
6,14,32,231
3,7,19,67
30,60,90,365
6,31,45,45
0,0,0,0
4,31,57,332
0,4,12,218
5,13,21,247
30,60,90,365
0,0,0,0
22,44,64,132
30,60,90,365
30,60,90,90
30,60,90,365
28,58,88,88
4,9,20,260
30,60,90,90
27,57,87,362
12,24,42,100
6,12,28,152
0,17,47,245
1,18,36,162
12,42,72,347
6,16,26,95
0,0,0,0
13,39,65,108
29,59,89,364
29,59,89,364
0,0,0,0
30,60,90,365
24,47,77,335
30,60,90,365
6,36,66,341
30,60,90,365
0,0,0,0
30,60,90,365
10,10,17,18
17,47,76,351
29,59,89,364
30,60,90,180
0,0,28,28
28,58,88,363
30,60,90,365
3,16,33,274
10,19,31,274
0,0,0,1
26,55,85,360
25,37,37,37
14,43,73,348
0,0,3,3
0,0,0,0
3,5,15,192
0,0,0,0
27,57,87,267
0,0,0,0
28,58,88,88
4,8,8,8
23,53,83,83
0,0,0,0
18,48,78,78
20,46,69,159
0,0,0,0
30,60,90,365
12,24,42,251
20,41,71,208
17,47,77,77
18,46,76,77
30,60,90,365
8,15,35,112
0,0,0,0
0,0,0,0
3,9,26,75
12,26,27,27
17,36,58,140
4,14,41,273
6,19,36,275
9,13,13,13
30,60,90,90
30,60,90,365
3,3,3,3
30,60,90,365
0,0,0,0
29,59,89,364
17,47,77,352
30,60,86,175
10,28,58,148
5,12,42,309
0,0,0,0
19,49,79,354
0,0,0,1
30,60,90,365
29,59,89,89
5,16,16,16
30,60,90,365
4,12,31,190
7,25,51,51
6,6,6,6
30,60,90,365
0,0,0,0
13,43,73,316
5,22,44,273
2,2,2,2
30,60,90,365
5,17,30,100
15,45,75,75
25,55,81,355
30,60,90,365
10,34,49,310
9,39,69,69
7,13,36,277
8,11,20,29
28,58,88,363
15,37,67,342
19,27,27,27
0,0,0,0
30,60,90,365
9,22,44,69
0,0,0,188
16,46,75,161
29,59,89,364
7,16,24,262
0,0,0,0
30,60,90,365
29,59,89,364
28,58,88,362
13,37,64,339
30,60,90,365
30,60,90,365
30,51,51,51
30,60,90,365
30,60,90,112
30,60,90,365
0,0,0,0
0,8,38,39
10,14,38,308
5,32,62,131
18,48,78,78
30,60,90,90
7,22,48,226
30,60,90,122
30,60,90,240
0,6,36,126
7,25,55,55
2,22,34,246
28,58,80,120
0,0,0,0
29,59,89,364
19,49,79,354
30,60,90,90
18,32,51,301
19,49,74,345
5,13,24,185
30,60,90,365
29,59,89,364
0,0,0,0
13,38,68,343
19,45,75,75
0,0,0,47
20,40,59,102
0,0,0,0
29,50,53,53
0,0,0,225
25,55,85,360
13,36,66,328
17,18,18,19
1,1,14,96
7,37,67,67
15,45,75,350
27,57,87,177
0,0,6,251
23,53,83,358
6,31,61,336
23,23,23,23
29,59,89,179
0,0,0,0
29,59,89,179
30,60,90,365
29,59,89,364
29,59,89,364
29,59,89,364
30,60,90,90
3,20,50,251
29,43,58,306
11,35,65,331
30,60,90,365
23,49,70,322
27,57,87,312
0,0,0,0
9,38,68,343
0,0,0,0
30,60,90,365
19,19,19,186
0,0,0,0
30,60,90,365
30,60,90,365
9,9,9,9
0,0,0,274
0,0,0,0
30,60,90,90
0,5,25,93
9,39,69,344
30,60,90,365
29,59,89,347
14,33,55,298
29,59,89,179
29,59,89,89
23,53,83,173
0,0,0,199
12,30,30,221
15,45,52,52
0,0,0,60
16,22,44,96
12,31,45,313
30,60,90,90
26,56,84,198
10,18,29,251
18,18,18,18
30,60,84,359
29,59,89,364
30,60,90,365
30,60,90,365
0,0,0,0
0,0,0,0
29,59,89,89
29,59,89,364
0,0,0,0
0,0,0,0
0,0,0,206
29,59,89,89
30,60,90,365
0,0,0,126
23,43,73,163
20,20,20,20
28,58,88,332
9,28,43,314
29,59,89,179
30,60,90,180
30,60,90,365
30,60,90,90
23,53,83,83
0,0,0,0
30,60,90,365
10,37,64,178
0,0,0,32
20,47,73,348
27,57,87,267
0,0,0,0
4,11,17,226
30,60,90,365
29,59,89,364
10,27,37,270
18,48,74,334
22,52,81,172
3,5,10,169
22,49,79,216
13,20,28,187
9,39,69,115
28,58,88,363
3,3,3,3
0,6,36,126
15,45,75,350
0,4,4,19
15,30,56,56
0,0,0,211
23,53,83,358
30,60,90,90
29,59,89,160
28,58,88,363
30,60,90,365
6,6,6,6
0,0,0,0
29,55,76,158
10,32,62,337
0,0,0,0
27,57,87,357
4,34,64,148
21,37,55,279
8,38,68,158
30,60,90,90
29,45,75,255
30,60,90,365
27,57,87,362
30,60,90,365
0,16,16,274
29,59,89,364
29,59,89,89
30,60,90,365
30,60,90,91
27,57,87,178
30,60,90,365
30,60,90,365
29,59,89,89
0,0,8,8
24,54,84,359
30,60,90,180
7,19,32,279
27,57,87,362
7,7,7,7
0,0,0,66
30,60,90,365
9,27,57,57
0,0,0,26
0,0,8,8
9,39,69,344
30,60,82,82
19,49,79,79
6,34,64,154
20,50,80,355
11,29,56,252
19,41,71,346
0,0,0,0
6,24,42,123
27,47,77,352
29,59,89,364
29,59,89,89
19,49,75,345
30,60,90,365
0,0,0,0
0,0,0,0
0,0,0,0
13,31,56,320
27,57,87,362
30,58,84,350
23,53,83,243
30,60,90,362
0,0,0,34
6,36,66,156
12,35,65,151
0,0,0,41
28,58,88,363
24,54,84,359
19,49,79,216
11,11,20,20
29,51,63,181
8,30,37,37
0,0,0,0
19,49,79,169
29,59,89,181
3,26,56,331
9,31,57,288
7,18,48,323
14,23,23,130
23,53,83,83
0,5,35,310
29,59,89,179
20,46,76,286
10,25,52,315
0,0,0,0
22,47,47,101
15,37,37,37
23,45,72,343
15,42,65,322
0,0,0,0
29,59,89,179
11,20,30,140
30,60,79,79
27,56,86,361
21,38,38,38
0,28,58,148
8,16,31,31
0,0,8,8
20,50,80,170
29,52,62,317
30,60,90,365
0,0,0,0
1,1,1,1
30,56,73,348
7,13,28,182
0,0,0,0
0,0,0,259
30,60,90,365
15,28,40,237
30,60,90,180
30,60,90,365
12,38,68,68
30,60,90,90
6,12,23,39
30,50,70,267
10,20,50,314
0,0,0,0
1,1,5,5
14,37,44,95
24,54,84,293
30,60,90,90
25,26,26,26
25,55,85,85
1,1,1,1
0,0,0,0
25,55,85,360
5,9,29,288
30,60,87,200
23,53,83,264
10,40,70,345
30,60,90,365
21,51,73,77
30,60,90,365
10,10,10,10
30,60,90,91
9,29,59,144
5,20,50,140
29,59,89,180
23,53,83,358
28,58,88,363
0,0,0,0
12,42,72,347
0,0,0,0
0,0,0,0
9,21,51,141
7,22,44,267
0,5,35,126
22,52,82,357
18,35,56,325
30,60,90,90
29,59,89,179
0,0,0,0
25,49,79,354
3,26,56,322
5,20,32,249
16,40,70,345
0,28,58,148
30,60,90,365
28,58,88,88
24,26,56,331
0,0,0,0
0,0,0,0
0,0,0,0
13,13,13,13
22,36,52,311
0,0,0,0
29,59,86,355
0,0,3,4
0,0,0,0
18,48,78,78
27,57,87,362
4,33,47,175
29,59,89,364
2,32,62,106
0,0,0,218
2,32,62,337
0,0,0,0
19,38,38,118
29,59,89,364
28,38,65,322
30,60,90,365
7,17,42,300
8,38,61,336
29,59,89,179
26,48,78,159
0,0,0,0
10,27,32,64
30,60,90,365
0,0,0,0
0,0,0,0
30,56,80,244
0,0,0,0
7,8,8,8
23,53,83,84
4,5,10,10
15,15,15,81
16,40,70,345
12,38,68,69
0,0,0,0
27,57,87,362
0,0,0,0
0,0,10,274
23,53,83,358
29,52,82,82
17,36,46,297
0,7,7,7
0,0,0,59
13,38,61,336
22,22,22,22
30,60,90,365
18,48,78,353
5,11,20,107
24,42,72,72
0,0,0,0
21,51,81,356
18,48,78,168
0,0,0,61
0,5,35,36
0,0,0,0
30,60,90,365
7,24,49,166
0,0,0,0
13,30,56,145
0,0,0,0
0,15,15,46
0,0,0,0
30,60,90,90
30,60,90,90
11,37,61,306
23,53,83,358
18,34,56,312
29,46,73,348
0,0,0,0
0,0,0,0
0,0,0,0
17,41,65,320
1,23,43,215
3,8,11,132
30,60,90,90
25,55,85,175
0,0,0,33
11,39,67,333
30,60,90,365
12,31,51,265
18,25,49,231
16,46,76,76
0,27,46,46
0,0,2,6
7,7,7,79
30,51,51,51
2,32,62,337
2,21,46,307
24,54,84,84
0,0,0,75
25,55,85,360
29,59,89,179
11,23,48,228
29,59,89,364
13,29,54,326
5,35,65,65
7,23,32,265
26,52,82,82
11,11,11,151
22,49,74,349
0,0,0,70
14,44,74,349
29,59,89,89
23,53,83,83
16,20,50,50
0,0,0,0
0,0,0,0
29,59,89,179
23,53,83,164
0,0,0,0
30,60,90,365
16,16,16,16
0,16,16,16
0,0,0,0
22,52,82,82
16,37,64,320
18,28,58,277
3,13,34,276
30,60,90,365
29,59,89,89
14,25,55,312
14,37,67,151
0,0,0,0
14,44,69,344
9,9,31,306
0,0,0,4
0,0,21,296
28,58,88,363
0,0,3,38
8,12,36,282
20,37,67,331
29,59,89,179
0,21,51,51
28,58,88,363
0,0,0,0
30,60,90,365
0,5,35,310
21,51,81,171
7,31,61,61
0,0,0,9
19,49,79,94
23,53,72,324
17,47,69,69
13,15,19,19
2,3,6,139
3,13,38,188
13,22,50,219
11,22,46,193
3,6,12,177
30,54,82,357
8,38,68,343
9,39,69,69
28,58,88,178
30,60,90,365
19,48,73,155
9,36,56,72
30,60,90,365
0,0,0,0
28,48,78,353
30,60,90,365
24,54,84,264
30,57,80,305
30,60,90,180
26,51,71,346
30,60,90,365
0,0,0,0
2,7,26,248
9,16,40,306
0,0,4,185
0,0,5,280
30,60,90,365
24,52,81,356
30,60,90,365
30,60,90,180
15,36,66,341
10,10,10,10
30,60,90,365
0,0,0,0
0,0,0,0
29,59,89,169
0,0,0,0
30,60,90,90
8,38,68,343
0,0,0,0
0,0,0,0
0,0,0,0
26,56,86,176
7,8,16,16
29,59,89,364
21,51,81,356
10,40,70,345
20,50,80,355
27,27,27,221
22,52,82,260
30,60,90,365
29,59,89,180
11,32,43,197
5,35,65,340
25,55,85,85
0,10,31,239
9,29,57,264
0,6,36,244
29,59,89,364
4,6,17,38
29,54,81,356
12,39,69,182
0,0,0,0
0,0,0,100
18,46,65,202
27,57,87,360
30,54,54,54
27,57,87,362
27,57,87,177
26,42,66,333
0,0,0,0
27,57,87,362
26,51,79,274
0,0,5,5
9,39,69,69
18,40,67,339
7,30,60,335
0,0,0,0
29,59,89,364
0,0,0,222
9,39,69,69
3,3,3,3
29,56,85,360
0,7,31,306
14,14,14,14
27,57,87,87
7,31,61,81
0,0,0,190
28,58,88,308
1,2,15,186
6,13,13,202
4,4,4,4
3,8,18,245
29,59,89,364
30,60,90,365
11,30,55,189
0,0,0,253
21,51,81,348
8,27,57,267
3,9,22,22
30,60,90,365
0,0,0,0
11,26,47,72
12,21,25,59
24,54,84,359
9,23,53,316
3,3,24,75
2,4,4,4
29,59,78,254
10,40,70,70
14,36,66,156
8,24,24,24
30,60,90,365
9,39,69,344
0,0,0,0
17,47,71,342
20,47,68,343
0,0,6,281
12,24,43,255
6,6,6,6
13,36,36,179
0,30,58,314
29,59,89,364
0,0,2,55
30,60,90,365
8,8,26,26
14,18,27,260
30,60,90,365
0,20,50,230
18,48,78,353
10,27,57,332
9,25,44,282
13,27,27,27
30,60,90,90
6,14,34,309
10,16,40,315
0,0,0,0
0,0,0,0
7,20,41,266
0,0,0,0
2,22,52,142
29,59,89,179
29,59,89,179
0,2,29,29
0,0,0,191
30,60,90,180
30,60,90,90
11,41,71,161
19,49,79,169
30,60,90,365
20,50,80,354
23,46,73,348
3,26,47,311
25,55,78,78
0,0,0,0
15,28,47,106
8,12,12,12
0,0,0,0
29,59,89,364
29,59,89,179
25,55,85,359
23,53,83,358
18,48,78,353
29,59,87,362
0,0,0,0
17,17,17,17
29,59,89,89
30,60,90,365
16,39,65,340
29,59,89,364
29,54,84,311
29,59,89,89
13,30,49,49
28,58,88,178
0,0,0,0
9,20,50,325
30,60,90,365
21,51,81,356
22,52,82,357
0,0,0,0
30,60,90,365
27,57,87,362
0,0,0,0
30,60,90,365
16,46,76,166
4,7,14,244
8,16,43,314
1,17,40,131
8,8,10,10
29,59,89,179
0,0,0,20
30,60,90,365
11,30,60,150
9,17,39,77
23,35,35,56
30,60,90,365
16,16,16,16
25,55,85,360
30,60,90,365
21,51,81,356
30,60,90,365
6,26,56,331
26,56,86,361
30,60,90,365
0,0,0,65
0,0,0,0
10,40,70,101
21,51,81,81
0,0,0,19
13,24,24,24
30,60,90,180
16,40,70,70
30,60,84,356
26,46,76,348
28,56,86,86
25,45,75,75
30,60,90,207
29,59,89,179
30,60,90,365
24,54,84,359
3,32,58,253
18,31,61,336
23,53,83,84
20,50,80,355
14,44,74,349
30,60,90,90
19,45,68,158
5,26,56,260
30,60,90,365
24,54,84,264
6,11,26,297
30,60,90,365
29,59,89,179
0,9,39,39
12,12,12,51
30,60,90,365
6,15,42,224
9,30,60,311
18,48,78,320
24,47,67,327
9,20,50,50
27,57,87,177
0,0,0,0
9,31,39,39
0,0,16,106
15,45,75,350
0,4,28,28
5,14,44,44
30,60,90,365
23,53,72,72
6,6,18,76
0,16,46,226
23,53,83,126
24,54,84,174
13,30,60,208
12,42,72,162
30,60,90,296
2,12,22,107
18,43,49,194
12,36,66,66
29,59,89,89
22,52,82,172
0,1,1,32
15,45,75,75
7,29,59,269
5,16,29,100
0,5,19,278
27,44,73,346
0,0,0,0
12,42,72,276
30,60,90,365
6,6,6,6
29,59,89,330
27,27,27,27
24,54,84,174
9,24,48,73
18,35,54,291
0,0,0,0
21,51,81,356
0,0,0,29
17,31,60,85
30,60,90,186
2,27,30,30
30,60,90,365
29,59,89,364
29,59,89,89
1,1,1,128
0,0,0,31
23,53,83,358
6,23,46,272
24,54,84,359
0,0,0,182
11,32,62,62
7,33,62,63
30,60,90,365
12,29,42,231
1,19,49,194
29,59,89,364
13,15,15,15
0,0,6,281
0,0,12,12
8,17,22,22
2,4,20,20
18,18,18,18
24,54,84,359
20,50,80,355
29,59,89,89
0,0,0,198
0,0,1,115
1,31,61,239
24,54,84,359
4,34,64,162
0,5,35,190
0,26,56,259
30,47,77,242
0,3,7,124
0,13,13,51
30,60,90,365
18,48,78,353
0,0,0,61
1,1,1,1
28,58,88,179
5,13,13,13
29,56,86,86
6,36,66,341
17,42,58,86
30,60,90,365
30,60,90,365
0,21,51,237
30,54,84,85
23,43,68,158
12,22,49,324
28,58,88,363
10,31,50,256
19,48,76,351
30,60,90,365
3,3,3,3
0,0,18,18
23,53,83,358
27,57,87,362
30,60,90,270
4,17,47,137
17,47,77,77
27,56,86,86
0,0,11,286
3,19,49,324
22,42,71,343
8,32,58,140
14,14,14,141
30,60,90,180
8,13,13,13
13,35,61,336
24,48,69,149
11,27,50,255
19,49,79,152
21,51,81,356
22,40,58,321
30,60,90,90
10,18,41,66
16,39,69,344
30,60,90,365
0,0,0,275
30,60,90,365
1,12,29,301
30,60,90,365
30,60,90,365
11,26,56,56
23,47,47,47
24,54,84,359
20,50,80,80
30,60,90,365
4,20,37,189
23,50,80,355
8,23,41,202
30,60,90,365
19,41,63,258
25,55,85,85
27,57,87,362
4,14,43,43
4,9,9,10
9,23,53,311
26,56,86,106
26,32,62,152
29,59,89,89
12,42,65,65
21,50,80,355
23,53,83,263
23,53,83,197
29,59,89,364
5,26,35,310
19,32,61,336
6,23,53,143
30,60,88,199
0,8,35,310
0,4,34,187
7,33,60,150
23,53,83,84
19,49,79,79
25,55,85,360
27,57,87,362
0,0,0,0
30,60,90,365
15,26,49,159
14,23,53,143
5,25,55,330
24,54,84,84
8,18,47,153
12,21,21,21
30,60,90,365
29,53,83,83
3,3,3,3
12,29,42,317
28,58,88,363
0,0,1,89
8,38,68,343
6,36,63,338
1,14,14,14
30,55,68,292
30,60,90,365
3,33,63,338
26,39,58,333
0,6,36,311
6,26,56,317
10,10,10,10
0,9,39,314
0,0,0,0
8,8,8,8
30,60,90,365
22,52,82,357
29,50,80,355
12,16,30,266
19,49,79,354
15,45,75,350
0,0,0,6
3,33,63,334
0,0,0,69
0,0,0,0
14,44,68,328
0,1,1,11
0,0,0,0
11,41,71,346
0,0,0,19
28,58,88,363
8,38,68,339
23,53,83,195
30,60,90,357
5,17,30,262
13,27,47,322
21,21,21,21
0,0,0,71
0,0,0,0
16,46,76,98
3,11,14,237
0,0,0,0
29,59,89,364
4,8,17,266
5,16,27,65
0,0,0,0
8,18,43,280
0,0,0,15
23,53,83,358
30,60,90,365
25,51,78,353
26,47,47,59
23,40,65,315
0,0,0,0
9,30,60,335
0,0,0,163
17,27,57,146
24,54,84,356
13,14,32,38
0,0,0,0
6,14,14,233
0,0,0,249
30,60,90,365
30,60,90,365
9,24,46,126
17,25,44,299
2,4,13,220
12,21,27,283
1,8,16,85
30,60,90,365
27,57,87,362
12,34,52,279
20,43,59,238
30,60,90,365
26,56,86,359
0,8,38,220
0,0,0,0
0,0,0,0
30,60,90,365
6,9,9,9
25,46,66,327
3,17,35,210
0,0,7,185
0,0,0,0
5,12,22,275
25,31,34,298
30,60,90,365
23,33,46,304
19,49,79,169
28,58,88,88
0,0,0,0
25,39,59,309
13,16,19,259
0,0,0,0
0,0,0,0
0,0,0,161
16,31,61,117
30,60,90,319
5,31,61,336
7,9,9,184
0,0,0,232
3,6,23,260
21,51,81,356
12,25,49,313
1,2,6,187
0,0,0,205
17,18,18,254
24,54,84,359
0,0,0,0
30,60,90,365
0,0,0,65
0,0,0,0
0,0,0,254
30,60,90,365
0,30,60,335
27,57,87,87
0,0,0,0
0,21,42,254
0,4,25,86
1,3,3,110
30,60,90,365
12,40,41,271
30,60,90,365
0,0,0,0
30,60,90,365
8,23,43,43
0,0,0,0
30,60,90,365
4,8,14,160
30,60,90,365
28,58,88,307
0,0,0,130
10,34,64,154
6,28,50,308
2,17,37,37
0,0,0,0
26,50,80,355
0,0,0,0
13,21,27,229
0,0,0,230
0,2,4,228
0,0,0,0
18,37,61,150
8,26,56,60
0,0,0,0
30,60,90,365
5,24,50,315
6,13,19,270
10,24,41,306
0,0,0,217
6,20,43,257
16,37,67,336
0,0,0,0
0,8,22,259
30,60,90,365
4,7,23,221
2,20,50,122
13,43,73,348
30,60,90,365
16,34,50,50
6,7,21,21
30,60,90,365
7,23,53,208
1,1,15,196
20,50,80,352
12,42,72,302
23,53,83,264
28,49,79,169
6,15,26,138
30,60,90,365
0,0,0,0
0,0,0,0
11,17,36,311
10,28,54,318
0,0,0,0
8,8,8,8
4,19,46,315
0,7,9,25
0,0,0,0
11,25,26,282
1,1,5,5
0,26,30,140
16,40,70,160
3,30,39,282
5,10,31,280
3,24,47,133
27,54,81,301
0,0,0,0
30,60,90,365
30,60,90,365
0,0,0,0
0,0,0,0
0,0,0,0
8,18,36,299
30,60,90,365
1,31,61,336
30,60,90,365
30,60,90,365
13,18,28,110
27,57,87,362
0,0,0,0
0,0,0,132
27,37,37,75
28,56,84,343
0,0,0,0
6,14,17,20
23,53,83,285
0,0,0,0
0,0,0,0
28,44,71,279
30,56,62,266
13,26,44,244
2,4,4,35
3,17,32,258
8,19,38,38
0,0,0,0
5,18,31,271
15,43,73,163
3,17,38,282
0,0,0,0
0,0,0,0
0,0,0,0
0,0,0,0
28,58,88,88
4,27,50,213
0,0,0,2
10,27,44,290
0,0,0,0
29,59,89,364
7,27,53,143
0,0,0,0
0,0,0,0
30,60,90,365
29,59,89,89
10,12,12,220
29,59,89,364
0,0,0,15
30,60,90,365
5,5,10,69
6,36,56,325
3,3,3,3
5,17,21,243
0,0,0,0
8,38,68,343
0,5,5,99
29,59,89,89
30,60,90,365
30,60,90,365
7,37,67,157
6,16,32,291
24,53,83,356
13,31,44,203
0,0,6,267
26,37,67,342
14,40,70,233
0,0,2,134
25,42,52,210
9,29,59,149
0,0,0,0
21,21,26,26
0,0,0,0
4,7,20,82
3,30,32,293
12,40,70,160
30,60,90,365
30,60,90,365
0,0,0,0
0,5,34,34
0,0,0,22
0,0,0,0
30,60,90,365
30,60,90,347
0,0,0,0
20,50,69,139
0,0,0,0
21,51,81,342
0,0,0,0
2,7,14,187
0,11,41,316
30,60,90,365
0,0,0,0
9,10,18,181
3,7,28,284
30,60,90,365
30,60,90,365
30,60,90,365
1,31,61,336
0,0,0,0
1,16,46,136
0,0,0,0
14,44,74,234
0,0,0,0
0,0,0,188
0,0,0,186
0,0,0,0
30,60,90,365
0,0,0,0
8,14,32,241
16,38,68,343
21,24,32,98
19,49,79,354
0,0,0,0
18,44,69,341
28,58,88,363
30,60,90,365
30,60,90,365
7,36,66,157
30,60,90,365
17,42,72,343
0,0,0,0
4,29,59,334
0,0,0,222
0,0,0,0
1,1,1,36
3,7,7,7
0,4,29,272
4,34,64,185
28,58,88,360
1,6,36,311
6,6,6,6
11,28,47,277
11,18,22,255
10,16,29,243
4,12,21,190
0,0,0,0
0,0,8,67
7,14,28,56
27,37,63,314
0,0,0,0
1,13,39,277
11,23,37,130
0,0,0,0
0,0,0,0
30,60,90,365
28,58,88,363
15,22,52,260
0,0,0,0
0,0,0,0
0,4,4,67
0,0,0,0
3,22,37,290
0,0,0,0
3,7,8,166
10,11,21,273
20,26,32,261
13,30,46,235
0,0,0,0
22,51,78,353
30,60,74,74
28,58,87,87
30,60,90,365
0,0,0,0
0,0,0,0
8,14,32,92
0,0,0,0
0,0,0,0
0,0,0,0
30,60,90,365
17,47,77,352
0,0,0,0
21,51,81,262
12,42,72,345
0,0,0,194
30,60,90,365
26,52,78,258
13,39,69,344
28,58,88,178
0,0,0,0
27,57,87,362
0,26,47,138
0,0,0,218
10,36,63,139
2,17,30,260
0,0,0,0
6,16,36,283
13,28,54,326
14,34,50,292
0,0,0,0
18,48,78,78
23,53,83,358
25,55,85,341
13,32,45,312
23,41,71,326
0,8,18,174
29,59,89,364
14,44,74,349
19,49,79,354
30,60,90,365
27,57,87,266
0,0,0,253
30,60,90,365
30,60,90,365
7,30,30,248
30,48,52,124
1,4,11,242
18,25,48,129
24,54,84,351
10,19,24,201
0,0,0,0
0,0,0,0
30,60,90,365
4,7,7,7
13,19,49,140
0,0,0,248
0,0,0,0
4,8,14,233
1,23,53,54
23,40,59,328
9,17,43,318
0,0,0,0
30,60,90,365
4,14,24,60
28,58,88,358
1,3,12,169
22,31,39,303
3,4,10,103
16,31,61,336
6,14,44,172
29,59,89,364
0,10,32,119
0,0,0,0
18,33,46,285
0,0,0,0
1,4,10,261
0,0,0,0
0,0,0,0
0,0,0,0
11,34,60,147
0,0,0,45
6,9,13,102
0,10,10,135
16,31,61,336
0,0,0,0
4,18,41,161
29,59,89,324
0,0,0,0
0,3,28,28
7,14,20,271
1,30,47,293
5,6,11,11
30,60,90,239
0,0,0,0
27,57,87,362
17,38,64,339
23,53,83,173
3,13,20,274
5,10,22,249
0,0,0,0
0,0,0,0
0,1,8,44
23,53,83,258
0,11,11,29
0,2,16,17
0,0,18,293
0,0,0,0
0,0,0,0
0,0,0,0
0,0,0,0
30,60,90,365
30,60,90,365
14,44,74,349
0,0,0,0
0,0,0,0
0,0,0,0
6,18,24,243
0,0,0,0
3,3,15,138
0,0,0,0
17,31,51,51
0,0,0,0
30,60,90,365
6,7,10,230
6,6,6,6
18,18,18,236
0,0,0,0
0,0,0,0
0,0,0,0
0,0,0,0
0,0,0,0
29,59,89,364
0,0,0,0
18,36,66,337
0,0,0,0
0,0,0,0
2,10,18,59
0,0,0,0
0,0,0,0
8,32,55,323
28,36,36,189
14,23,31,271
0,0,0,0
5,17,40,297
30,60,89,89
30,60,90,365
27,57,87,150
0,0,0,0
1,1,1,46
27,57,87,177
0,0,0,0
0,0,0,0
5,24,44,313
0,0,0,0
14,33,63,308
0,0,0,0
7,11,26,301
22,31,45,210
25,55,85,360
0,0,0,0
29,57,86,334
21,51,75,350
15,35,53,292
0,0,0,0
4,7,36,126
11,17,18,90
0,0,0,0
0,10,10,53
11,34,58,267
6,6,18,43
30,60,90,90
29,59,89,364
27,44,62,273
0,0,0,0
0,0,0,0
0,0,0,0
30,60,90,365
30,60,90,365
30,60,90,365
5,10,40,41
14,44,74,349
6,12,27,63
1,18,41,99
0,0,0,0
0,0,0,232
0,0,0,0
7,31,31,31
3,5,27,165
0,0,0,0
0,0,0,0
15,34,40,206
19,49,79,354
4,13,36,281
2,13,42,294
5,35,65,340
3,3,3,129
24,54,78,353
20,50,80,355
30,60,90,365
0,0,0,202
0,0,0,262
0,0,0,0
10,38,65,336
9,39,69,344
30,60,90,365
0,0,0,0
13,24,46,293
23,53,83,358
7,8,8,146
4,34,64,339
0,0,0,0
0,0,0,0
30,60,85,360
10,22,36,87
30,60,90,365
0,0,0,0
0,0,0,0
0,3,13,51
17,17,17,17
30,60,90,365
0,0,0,123
12,42,67,87
18,31,61,62
5,11,16,171
8,20,31,302
29,38,60,335
0,0,0,48
30,60,90,365
0,0,0,0
13,37,67,342
11,24,35,264
0,0,0,0
29,59,89,364
16,19,30,286
6,11,16,190
15,45,64,325
30,60,90,365
30,60,90,365
29,59,89,364
4,8,16,167
0,0,0,0
0,0,0,0
25,55,85,360
17,29,57,326
0,0,0,0
0,0,0,0
0,0,0,0
0,0,0,232
0,0,0,0
11,28,58,180
28,58,88,363
0,0,0,0
0,0,0,0
2,8,25,189
6,9,15,82
30,60,67,335
0,0,0,0
0,0,0,0
11,22,37,280
0,0,0,0
30,60,90,365
0,0,0,0
1,21,45,125
30,60,90,365
0,0,0,0
0,0,0,0
1,11,15,71
11,25,53,315
4,10,16,161
30,60,90,365
13,37,67,299
30,60,90,365
22,42,60,328
0,0,0,0
6,18,39,304
30,60,90,365
7,33,57,327
25,55,81,94
0,0,0,0
5,8,36,304
6,26,56,315
9,22,30,235
0,0,0,0
7,24,43,292
0,0,0,0
30,60,90,365
14,25,37,169
15,31,50,286
0,5,23,204
28,58,88,363
14,31,58,114
0,0,0,0
0,0,0,150
0,0,0,241
6,9,23,23
4,4,4,4
0,8,20,99
30,60,90,365
25,54,80,355
0,0,0,0
0,0,0,0
0,0,0,0
0,0,0,0
30,60,90,91
0,0,0,0
30,60,90,334
0,7,8,22
0,0,0,46
0,0,0,46
29,59,89,179
0,0,0,0
22,49,75,346
0,0,0,0
10,16,24,223
9,29,47,294
11,17,33,290
18,42,66,333
0,0,0,0
12,36,60,149
19,39,65,336
0,27,53,314
26,55,80,225
0,0,0,0
30,60,90,90
0,0,0,0
4,25,42,295
0,0,0,0
27,57,84,359
0,12,42,317
0,0,0,0
29,59,89,364
30,60,90,365
0,0,0,0
0,0,0,0
8,10,10,244
11,19,32,266
6,6,8,268
30,60,90,365
28,58,88,88
30,60,90,365
2,4,11,145
15,45,75,350
15,45,74,74
30,60,90,365
30,60,90,365
30,60,90,365
0,0,0,0
0,0,0,0
0,0,0,0
0,0,0,0
8,16,43,278
12,19,38,292
17,20,42,295
0,2,23,225
0,7,7,10
30,60,90,365
4,25,51,311
30,60,90,365
0,0,0,0
3,21,36,268
0,0,0,0
20,37,55,321
0,25,51,203
13,29,55,316
18,40,70,331
16,26,26,26
0,0,0,0
0,0,0,0
9,27,57,317
5,5,5,70
0,0,0,0
6,21,36,179
0,0,0,0
29,59,89,353
4,6,15,252
0,0,0,0
27,38,38,38
6,9,14,194
4,25,55,330
4,7,18,184
0,0,0,0
0,0,0,0
22,52,82,357
16,32,62,337
0,0,0,138
0,0,0,0
29,49,73,336
17,47,77,352
0,0,0,0
7,18,25,203
30,60,90,180
0,0,0,0
30,60,90,365
0,0,0,0
7,10,15,255
24,36,51,125
29,59,89,364
0,0,27,302
30,60,90,365
0,0,0,0
0,0,0,0
30,60,90,365
0,0,0,0
0,0,0,0
28,58,88,363
30,60,90,365
0,0,0,0
27,57,87,362
22,37,56,325
22,52,82,357
14,19,49,324
26,56,86,87
11,20,50,296
0,0,0,0
30,60,90,365
0,0,0,0
0,3,6,133
0,0,0,0
0,0,0,36
19,49,79,354
28,58,88,363
30,60,90,365
30,60,90,180
30,60,90,365
0,0,0,0
0,0,0,0
30,60,90,365
18,26,49,291
0,0,0,0
16,18,27,302
4,7,9,213
21,44,74,349
3,9,27,240
6,27,57,332
30,60,90,365
27,53,79,354
30,60,90,365
0,0,0,0
6,22,46,215
29,59,89,364
5,24,44,276
0,5,35,310
30,60,90,365
0,0,0,0
0,8,33,234
0,3,33,34
0,0,0,0
30,60,90,365
30,60,90,365
10,36,36,269
0,0,0,0
0,15,22,200
0,0,0,0
29,59,89,89
29,59,89,364
0,0,3,199
0,1,3,153
17,36,60,332
0,0,0,0
29,59,89,364
25,51,51,51
6,28,51,259
5,5,5,255
26,55,85,351
0,14,14,134
0,0,4,5
0,0,0,0
0,0,0,0
0,0,0,0
4,15,28,179
5,11,32,305
30,60,90,365
0,0,0,0
18,48,78,353
0,0,0,0
2,6,15,196
10,15,33,287
19,46,71,313
0,0,0,0
0,0,0,0
0,0,0,0
0,0,0,0
26,53,78,353
0,0,0,0
17,34,42,317
4,15,26,223
13,41,71,346
30,60,90,180
0,0,0,0
5,28,58,146
30,47,69,344
0,0,0,0
17,42,72,347
1,12,37,127
21,51,81,173
30,60,90,365
30,60,90,365
30,60,90,365
21,40,40,147
0,0,0,0
10,24,41,240
6,12,26,116
22,33,49,288
11,26,44,281
0,0,0,0
18,18,18,74
0,0,0,252
29,59,89,364
5,14,26,185
1,1,6,259
8,34,57,261
1,6,6,91
29,59,89,90
23,53,83,83
30,60,90,365
15,25,50,50
8,21,51,288
7,29,43,152
5,10,22,219
29,59,89,89
6,6,6,6
7,28,50,227
2,23,53,136
30,60,90,365
12,37,59,334
0,0,0,0
0,0,0,0
0,0,0,0
0,0,3,3
10,28,46,119
8,17,47,300
25,50,74,323
17,20,50,139
1,10,24,257
3,8,16,249
0,0,0,0
14,44,74,134
2,4,15,120
5,23,47,287
0,0,0,0
28,56,86,86
6,24,54,318
28,58,88,363
0,0,0,0
8,35,65,339
24,42,72,347
0,0,0,0
30,60,82,357
0,0,0,95
23,49,79,354
2,5,9,188
25,52,75,350
5,17,47,302
30,60,90,365
12,17,17,43
10,35,65,317
0,0,0,24
0,0,0,0
1,7,30,80
3,7,7,7
4,20,25,229
0,0,0,0
11,16,46,321
0,0,0,0
26,56,86,361
28,45,75,329
0,0,0,0
0,4,11,141
0,0,0,0
11,18,38,306
30,60,83,328
29,59,89,364
0,0,0,0
0,0,4,5
30,60,90,365
30,60,90,365
0,2,24,266
0,0,11,286
0,0,0,0
9,30,53,319
0,0,0,102
30,60,89,359
27,57,87,362
1,6,21,137
10,40,70,71
1,1,1,225
0,0,0,0
13,35,49,221
0,0,0,0
29,55,85,360
30,60,90,179
9,39,69,159
0,0,0,0
30,60,90,365
6,26,51,311
30,60,90,365
5,21,49,316
11,23,46,222
25,50,80,338
9,12,28,59
0,0,0,0
29,59,89,364
0,0,0,0
27,57,81,356
0,9,9,9
8,28,53,316
4,7,20,228
6,30,60,331
1,20,50,70
17,46,73,341
0,0,0,0
21,41,63,150
10,21,32,267
2,7,37,216
0,23,53,328
3,3,3,3
30,56,77,345
16,39,46,291
3,7,14,70
23,53,71,346
0,0,0,0
11,12,22,281
25,55,85,360
0,0,0,0
30,60,90,90
0,0,0,0
8,20,26,263
9,17,38,304
29,59,89,364
0,0,0,0
23,29,29,265
26,56,86,86
27,57,87,87
2,3,6,114
14,24,54,54
0,0,0,0
23,45,65,65
3,12,24,275
0,0,0,0
6,10,14,49
0,5,6,124
0,0,0,187
28,58,88,363
23,53,83,358
25,45,65,324
0,5,30,30
0,0,0,0
27,48,78,78
21,23,25,139
0,0,4,193
0,0,0,0
1,7,20,180
16,27,55,301
17,41,69,340
17,41,69,340
0,0,0,0
0,4,34,309
13,25,44,108
0,7,21,143
0,0,0,0
3,4,18,220
9,39,46,314
0,0,0,0
29,59,89,364
0,0,0,0
8,16,30,294
0,0,0,0
29,59,89,179
0,0,0,0
8,22,49,303
22,46,76,351
0,0,0,0
0,0,0,0
30,60,90,365
7,18,48,323
0,0,0,0
9,29,59,224
0,0,0,157
0,0,0,0
16,31,39,294
30,60,90,365
0,0,2,277
0,0,9,199
11,41,71,346
0,0,0,0
0,0,0,0
9,20,20,20
0,1,1,127
24,45,74,74
23,50,80,261
16,16,17,282
0,0,0,0
30,60,90,90
30,60,90,365
0,0,0,0
0,0,0,0
11,11,11,253
0,0,0,0
17,47,77,352
10,20,50,299
30,60,90,365
2,2,2,2
0,12,42,283
0,0,0,0
0,0,0,0
0,0,0,0
24,49,49,49
29,59,89,364
0,0,0,0
0,0,0,0
8,28,55,299
14,19,41,235
0,0,0,0
0,0,0,0
0,15,28,212
0,0,0,0
21,47,77,352
4,34,64,267
0,0,0,0
0,0,0,0
15,30,45,215
0,0,0,0
0,0,0,0
0,0,0,0
30,53,73,343
23,53,83,358
0,0,0,240
0,4,7,76
23,50,64,238
0,0,0,0
30,60,90,365
0,0,0,139
15,30,31,100
0,0,0,0
8,28,58,135
29,59,89,364
17,35,63,322
20,31,61,336
6,36,66,341
0,0,18,29
0,0,0,0
0,0,0,0
7,37,67,87
2,11,15,154
18,48,78,353
0,0,0,0
29,59,89,89
0,0,0,0
0,0,0,0
28,54,82,351
0,0,0,0
2,32,40,305
30,60,90,365
30,60,90,365
20,37,50,275
0,0,0,0
30,60,90,365
26,51,77,300
30,60,90,365
7,29,53,53
8,20,26,243
